Institution Name,Cert,FIN,Location,Effective Date,Ins. Fund,Transaction Type,Charter Class,Failure / Assistance,Total Deposits,Total Assets,Estimated Loss,City,ST,Acquiring Institution,lat,lng
ALLIED BANK,91,10522,"MULBERRY, AR",9/23/2016,DIF,PA ,SM ,FAILURE,"64,713","66,336","6,880",Mulberry,AR,Today's Bank,35.500642,-94.051592
THE WOODBURY BANKING COMPANY,11297,10521,"WOODBURY, GA",8/19/2016,DIF,PA ,NM ,FAILURE,"21,122","21,426","5,225",Woodbury,GA,United Bank,32.983739,-84.582703
FIRST CORNERSTONE BANK,35312,10520,"KING OF PRUSSIA, PA",5/6/2016,DIF,PA ,NM ,FAILURE,"101,040","103,307","12,482",King of Prussia,PA,First-Citizens Bank & Trust Company,40.101286,-75.383553
TRUST COMPANY BANK,9956,10519,"MEMPHIS, TN",4/29/2016,DIF,PA ,NM ,FAILURE,"20,148","18,998","10,931",Memphis,TN,The Bank of Fayette County,35.149534,-90.04898
NORTH MILWAUKEE STATE BANK,20364,10518,"MILWAUKEE, WI",3/11/2016,DIF,PA ,NM ,FAILURE,"61,493","67,115","11,846",Milwaukee,WI,First-Citizens Bank & Trust Company,43.038902,-87.906474
HOMETOWN NATIONAL BANK,35156,10517,"LONGVIEW, WA",10/2/2015,DIF,PA ,N ,FAILURE,"3,705","3,785","1,615",Longview,WA,Twin City Bank,46.138168,-122.938167
THE BANK OF GEORGIA,35259,10516,"PEACHTREE CITY, GA",10/2/2015,DIF,PA ,NM ,FAILURE,"264,234","286,102","28,610",Peachtree City,GA,Fidelity Bank,33.396856,-84.596343
PREMIER BANK,34112,10515,"DENVER, CO",7/10/2015,DIF,PA ,SM ,FAILURE,"25,480","26,760","4,262",Denver,CO,"United Fidelity Bank, fsb",39.739236,-104.990251
EDGEBROOK BANK,57772,10514,"CHICAGO, IL",5/8/2015,DIF,PA ,NM ,FAILURE,"90,007","90,034","22,216",Chicago,IL,Republic Bank of Chicago,41.878114,-87.629798
CAPITOL CITY BANK & TRUST COMPANY,33938,10512,"ATLANTA, GA",2/13/2015,DIF,PA ,NM ,FAILURE,"262,652","272,311","99,487",Atlanta,GA,First-Citizens Bank & Trust Company,33.748995,-84.387982
HIGHLAND COMMUNITY BANK,20290,10511,"CHICAGO, IL",1/23/2015,DIF,PA ,NM ,FAILURE,"53,453","54,727","5,571",Chicago,IL,"United Fidelity Bank, fsb",41.878114,-87.629798
FIRST NATIONAL BANK OF CRESTVIEW,17557,10510,"CRESTVIEW, FL",1/16/2015,DIF,PA ,N ,FAILURE,"73,199","73,804","6,891",Crestview,FL,First NBC Bank,30.754181,-86.572799
NORTHERN STAR BANK,34983,10509,"MANKATO, MN",12/19/2014,DIF,PA ,NM ,FAILURE,"18,221","18,794","6,005",Mankato,MN,BankVista,44.163578,-93.9994
"FRONTIER BANK, FSB",34738,10508,"PALM DESERT, CA",11/7/2014,DIF,PA ,SA ,FAILURE,"76,344","80,736","2,905",Palm Desert,CA,"Bank of Southern California, N.A.",33.722245,-116.374456
THE NATIONAL REPUBLIC BANK OF CHICAGO,916,10507,"CHICAGO, IL",10/24/2014,DIF,PA ,N ,FAILURE,"809,638","843,118","56,947",Chicago,IL,State Bank of Texas,41.878114,-87.629798
NBRS FINANCIAL BANK,4862,10506,"RISING SUN, MD",10/17/2014,DIF,PA ,SM ,FAILURE,"151,559","155,353","20,027",Rising Sun,MD,Howard Bank,39.697887,-76.062727
"GREENCHOICE BANK, FSB",28462,10505,"CHICAGO, IL",7/25/2014,DIF,PA ,SA ,FAILURE,"68,722","70,286","18,412",Chicago,IL,"Providence Bank, LLC",41.878114,-87.629798
EASTSIDE COMMERCIAL BANK,58125,10504,"CONYERS, GA",7/18/2014,DIF,PA ,NM ,FAILURE,"166,875","173,946","38,334",Conyers,GA,Community & Southern Bank,33.66761,-84.01769
THE FREEDOM STATE BANK,12483,10503,"FREEDOM, OK",6/27/2014,DIF,PA ,NM ,FAILURE,"20,855","22,816","4,663",Freedom,OK,Alva State Bank & Trust Company,36.76892,-99.112879
VALLEY BANK,10450,10502,"MOLINE, IL",6/20/2014,DIF,PA ,NM ,FAILURE,"359,953","456,442","52,893",Moline,IL,Great Southern Bank,41.5067,-90.515134
VALLEY BANK,21793,10501,"FORT LANDERDALE, FL",6/20/2014,DIF,PA ,NM ,FAILURE,"66,541","81,843","5,605",Fort Lauderdale,FL,"Landmark Bank, National Association",26.122439,-80.137317
SLAVIE FEDERAL SAVINGS BANK,32368,10500,"BEL AIR, MD",5/30/2014,DIF,PA ,SA ,FAILURE,"111,142","140,063","10,954",Bel Air,MD,"Bay Bank, FSB",39.535941,-76.348293
COLUMBIA SAVINGS BANK,32284,10499,"CINCINNATI, OH",5/23/2014,DIF,PA ,SB ,FAILURE,"29,538","36,484","7,224",Cincinnati,OH,"United Fidelity Bank, fsb",39.103118,-84.51202
AZTECAMERICA BANK,57866,10498,"BERWYN, IL",5/16/2014,DIF,PA ,NM ,FAILURE,"65,031","66,309","21,715",Berwyn,IL,Republic Bank of Chicago,41.850587,-87.793668
ALLENDALE COUNTY BANK,15062,10497,"FAIRFAX, SC",4/25/2014,DIF,PA ,NM ,FAILURE,"49,356","49,498","22,648",Fairfax,SC,Palmetto State Bank,32.959048,-81.236495
VANTAGE POINT BANK,58531,10496,"HORSHAM, PA",2/28/2014,DIF,PA ,NM ,FAILURE,"62,472","63,453","9,358",Horsham,PA,First Choice Bank,40.178442,-75.128506
"MILLENNIUM BANK, NATIONAL ASSOCIATION",35096,10495,"STERLING, VA",2/28/2014,DIF,PA ,N ,FAILURE,"121,704","130,305","11,609",Sterling,VA,WashingtonFirst Bank,39.006699,-77.42913
SYRINGA BANK,34296,10494,"BOISE, ID",1/31/2014,DIF,PA ,NM ,FAILURE,"145,813","153,361","3,487",Boise,ID,Sunwest Bank,43.61871,-116.214607
THE  BANK OF UNION,17967,10493,"EL RENO, OK",1/24/2014,DIF,PA ,NM ,FAILURE,"315,843","317,172","97,605",El Reno,OK,BancFirst,35.532274,-97.955049
DUPAGE NATIONAL BANK,5732,10492,"WEST CHICAGO, IL",1/17/2014,DIF,PA ,N ,FAILURE,"51,878","53,524","1,530",West Chicago,IL,Republic Bank of Chicago,41.884751,-88.203961
"TEXAS COMMUNITY BANK, NATIONAL ASSOCIATION",57431,10491,"THE WOODLANDS, TX",12/13/2013,DIF,PA ,N ,FAILURE,"142,640","159,257","14,625",The Woodlands,TX,"Spirit of Texas Bank, SSB",30.165821,-95.461262
BANK OF JACKSON COUNTY,14794,10490,"GRACEVILLE, FL",10/30/2013,DIF,PA ,NM ,FAILURE,"24,591","24,724","5,849",Graceville,FL,First Federal Bank of Florida,30.95685,-85.516599
FIRST NATIONAL BANK,14318,10488,"EDINBURG, TX",9/13/2013,DIF,PA ,N ,FAILURE,"2,338,335","3,085,764","647,440",Edinburg,TX,PlainsCapital Bank,26.301737,-98.163343
THE COMMUNITY'S BANK,57041,10489,"BRIDGEPORT, CT",9/13/2013,DIF,PO ,NM ,FAILURE,"25,715","26,368","9,211",Bridgeport,CT,No Acquirer,41.186548,-73.195177
COMMUNITY SOUTH BANK,19849,10486,"PARSONS, TN",8/23/2013,DIF,PA ,NM ,FAILURE,"377,672","386,908","134,396",Parsons,TN,"CB&S Bank, Inc.",35.649791,-88.126702
SUNRISE BANK OF ARIZONA,34707,10487,"PHOENIX, AZ",8/23/2013,DIF,PA ,NM ,FAILURE,"196,924","202,179","15,391",Phoenix,AZ,"First Fidelity Bank, National Association",33.448377,-112.074037
BANK OF WAUSAU,35016,10485,"WAUSAU, WI",8/9/2013,DIF,PA ,NM ,FAILURE,"40,663","43,564","14,135",Wausau,WI,Nicolet National Bank,44.959135,-89.630122
FIRST COMMUNITY BANK OF SOUTHWEST FLORIDA,34943,10484,"FORT MYERS, FL",8/2/2013,DIF,PA ,NM ,FAILURE,"243,618","247,315","24,933",Fort Myers,FL,C1 Bank,26.640628,-81.872308
MOUNTAIN NATIONAL BANK,34789,10483,"SEVIERVILLE, TN",6/7/2013,DIF,PA ,N ,FAILURE,"373,366","437,282","33,292",Sevierville,TN,"First Tennessee Bank, National Association",35.868145,-83.561835
1ST COMMERCE BANK,58358,10482,"NORTH LAS VEGAS, NV",6/6/2013,DIF,PA ,NM ,FAILURE,"19,579","20,152","6,223",North Las Vegas,NV,Plaza Bank,36.198859,-115.117501
BANKS OF WISCONSIN,35386,10478,"KENOSHA, WI",5/31/2013,DIF,PA ,NM ,FAILURE,"127,590","134,024","23,567",Kenosha,WI,"North Shore Bank, FSB",42.584742,-87.821185
CENTRAL ARIZONA BANK,34527,10479,"SCOTTSDALE, AZ",5/14/2013,DIF,PA ,NM ,FAILURE,"30,822","31,550","5,425",Scottsdale,AZ,Western State Bank,33.49417,-111.926052
SUNRISE BANK,58185,10481,"VALDOSTA, GA",5/10/2013,DIF,PA ,NM ,FAILURE,"57,775","60,793","18,924",Valdosta,GA,Synovus Bank,30.832702,-83.278485
PISGAH COMMUNITY BANK,58701,10480,"ASHEVILLE, NC",5/10/2013,DIF,PA ,NM ,FAILURE,"21,246","21,880","7,943",Asheville,NC,"Capital Bank, N.A.",35.595058,-82.551487
DOUGLAS COUNTY BANK,21649,10476,"DOUGLASVILLE, GA",4/26/2013,DIF,PA ,NM ,FAILURE,"315,326","317,288","97,102",Douglasville,GA,Hamilton State Bank,33.751497,-84.747714
PARKWAY BANK,57158,10477,"LENOIR, NC",4/26/2013,DIF,PA ,NM ,FAILURE,"104,709","109,642","16,490",Lenoir,NC,"CertusBank, National Association",35.91402,-81.538985
CHIPOLA COMMUNITY BANK,58034,10473,"MARIANNA, FL",4/19/2013,DIF,PA ,NM ,FAILURE,"37,067","37,471","7,920",Marianna,FL,First Federal Bank of Florida,30.77436,-85.226874
HERITAGE BANK OF NORTH FLORIDA,26680,10475,"ORANGE PARK, FL",4/19/2013,DIF,PA ,NM ,FAILURE,"106,348","103,960","25,231",Orange Park,FL,FirstAtlantic Bank,30.166074,-81.706484
FIRST FEDERAL BANK,29594,10474,"LEXINGTON, KY",4/19/2013,DIF,PA ,SA ,FAILURE,"87,196","92,982","7,767",Lexington,KY,Your Community Bank,38.040584,-84.503716
GOLD CANYON BANK,58066,10472,"GOLD CANYON, AZ",4/5/2013,DIF,PA ,SM ,FAILURE,"41,728","42,125","8,263",Gold Canyon,AZ,"First Scottsdale Bank, National Association",33.359341,-111.45003
FRONTIER BANK,16431,10471,"LAGRANGE, GA",3/8/2013,DIF,PA ,NM ,FAILURE,"224,108","258,840","74,344",LaGrange,GA,HeritageBank of the South,33.036222,-85.032244
COVENANT BANK,22476,10470,"CHICAGO, IL",2/15/2013,DIF,PA ,NM ,FAILURE,"54,202","58,422","19,576",Chicago,IL,Liberty Bank and Trust Company,41.878114,-87.629798
1ST REGENTS BANK,57157,10469,"ANDOVER, MN",1/18/2013,DIF,PA ,NM ,FAILURE,"49,147","49,626","12,229",Andover,MN,First Minnesota Bank,45.233298,-93.29134
WESTSIDE COMMUNITY BANK,33997,10468,"UNIVERSITY PLACE, WA",1/11/2013,DIF,PA ,NM ,FAILURE,"91,879","91,935","22,860",University Place,WA,Sunwest Bank,47.235654,-122.550404
COMMUNITY BANK OF THE OZARKS,27331,10467,"SUNRISE, MO",12/14/2012,DIF,PA ,NM ,FAILURE,"41,881","42,816","15,044",Sunrise Beach,MO,Bank of Sullivan,38.175865,-92.784355
HOMETOWN COMMUNITYBANK,57928,10466,"BRASELTON, GA",11/16/2012,DIF,PA ,NM ,FAILURE,"108,931","124,561","39,665",Braselton,GA,"CertusBank, National Association",34.109274,-83.762673
HERITAGE BANK OF FLORIDA,35009,10465,"LUTZ, FL",11/2/2012,DIF,PA ,NM ,FAILURE,"223,309","225,477","76,094",Lutz,FL,Centennial Bank,28.151124,-82.461483
CITIZENS FIRST NATIONAL BANK,3731,10464,"PRINCETON, IL",11/2/2012,DIF,PA ,N ,FAILURE,"869,440","923,959","33,033",Princeton,IL,Heartland Bank and Trust Company,41.368092,-89.464814
NOVA BANK,27148,10463,"BERWYN, PA",10/26/2012,DIF,PO ,SB ,FAILURE,"395,248","444,710","90,508",Berwyn,PA,No Acquirer,40.045824,-75.439593
EXCEL BANK,19189,10460,"SEDALIA, MO",10/19/2012,DIF,PA ,NM ,FAILURE,"173,670","186,113","29,104",Sedalia,MO,Simmons First National Bank,38.704461,-93.228261
FIRST EAST SIDE SAVINGS BANK,28144,10461,"TAMARAC, FL",10/19/2012,DIF,PA ,SA ,FAILURE,"64,888","65,686","12,370",Tamarac,FL,Stearns Bank N.A.,26.212861,-80.249771
GULFSOUTH PRIVATE BANK,58073,10462,"DESTIN, FL",10/19/2012,DIF,PA ,NM ,FAILURE,"131,579","139,391","45,347",Destin,FL,SmartBank,30.393534,-86.495783
FIRST UNITED BANK,20685,10459,"CRETE, IL",9/28/2012,DIF,PA ,NM ,FAILURE,"316,877","328,422","43,765",Crete,IL,"Old Plank Trail Community Bank, National Association",41.444479,-87.631431
TRUMAN BANK,27316,10458,"ST. LOUIS, MO",9/14/2012,DIF,PA ,SM ,FAILURE,"245,716","282,338","39,498",St. Louis,MO,Simmons First National Bank,38.627003,-90.199404
FIRST COMMERCIAL BANK,35246,10457,"BLOOMINGTON, MN",9/7/2012,DIF,PA ,NM ,FAILURE,"206,809","215,867","65,238",Bloomington,MN,Republic Bank & Trust Company,44.840798,-93.29828
WAUKEGAN SAVINGS BANK,28243,10456,"WAUKEGAN, IL",8/3/2012,DIF,PA ,SB ,FAILURE,"73,001","83,679","23,518",Waukegan,IL,First Midwest Bank,42.363633,-87.844794
JASPER BANKING COMPANY,16240,10455,"JASPER, GA",7/27/2012,DIF,PA ,NM ,FAILURE,"204,238","206,672","53,178",Jasper,GA,Stearns Bank N.A.,34.469552,-84.428989
SECOND FEDERAL SAVINGS AND LOAN ASSOCIATION OF CHICAGO,27986,10453,"CHICAGO, IL",7/20/2012,DIF,PA ,SA ,FAILURE,"171,627","190,891","86,692",Chicago,IL,Hinsdale Bank & Trust Company,41.878114,-87.629798
HEARTLAND BANK,1361,10452,"LEAWOOD, KS",7/20/2012,DIF,PA ,NM ,FAILURE,"89,723","96,002",636,Leawood,KS,Metcalf Bank,38.966673,-94.616901
GEORGIA TRUST BANK,57847,10451,"BUFORD, GA",7/20/2012,DIF,PA ,NM ,FAILURE,"114,748","116,890","25,525",Buford,GA,Community & Southern Bank,34.120656,-84.004351
THE ROYAL PALM BANK OF FLORIDA,57096,10454,"NAPLES, FL",7/20/2012,DIF,PA ,NM ,FAILURE,"78,876","78,771","16,848",Naples,FL,First National Bank of the Gulf Coast,26.142036,-81.79481
FIRST CHEROKEE STATE BANK,32711,10450,"WOODSTOCK, GA",7/20/2012,DIF,PA ,NM ,FAILURE,"182,114","209,021","36,215",Woodstock,GA,Community & Southern Bank,34.101487,-84.519375
GLASGOW SAVINGS BANK,1056,10449,"GLASGOW, MO",7/13/2012,DIF,PA ,NM ,FAILURE,"21,809","22,341","1,396",Glasgow,MO,Regional Missouri Bank,39.227251,-92.846576
MONTGOMERY BANK & TRUST,19498,10448,"AILEY, GA",7/6/2012,DIF,PA ,NM ,FAILURE,"164,181","153,208","73,148",Ailey,GA,Ameris Bank,32.187404,-82.565689
PUTNAM STATE BANK,27405,10445,"PALATKA, FL",6/15/2012,DIF,PA ,NM ,FAILURE,"160,024","169,489","29,815",Palatka,FL,Harbor Community Bank,29.64858,-81.637582
THE FARMERS BANK OF LYNCHBURG,1690,10447,"LYNCHBURG, TN",6/15/2012,DIF,PA ,NM ,FAILURE,"156,402","163,859","33,106",Lynchburg,TN,Clayton Bank and Trust,35.283024,-86.374021
SECURITY EXCHANGE BANK,35299,10446,"MARIETTA, GA",6/15/2012,DIF,PA ,NM ,FAILURE,"147,896","150,962","48,141",Marietta,GA,Fidelity Bank,33.952602,-84.549933
CAROLINA FEDERAL SAVINGS BANK,35372,10441,"CHARLESTON, SC",6/8/2012,DIF,PA ,SA ,FAILURE,"53,082","54,373","18,529",Charleston,SC,Bank of North Carolina,32.776475,-79.931051
WACCAMAW BANK,34515,10444,"WHITEVILLE, NC",6/8/2012,DIF,PA ,SM ,FAILURE,"472,704","533,114","34,249",Whiteville,NC,First Community Bank,34.33878,-78.703072
FIRST CAPITAL BANK,416,10443,"KINGFISHER, OK",6/8/2012,DIF,PA ,NM ,FAILURE,"44,828","44,448","8,725",Kingfisher,OK,F & M Bank,35.861432,-97.93172
FARMERS' AND TRADERS' STATE BANK,9257,10442,"SHABBONA, IL",6/8/2012,DIF,PA ,NM ,FAILURE,"42,302","43,077","10,201",Shabbona,IL,First State Bank,41.768085,-88.877031
"ALABAMA TRUST BANK, NATIONAL ASSOCIATION",35224,10440,"SYLACAUGA, AL",5/18/2012,DIF,PA ,N ,FAILURE,"45,149","51,553","10,672",Sylacauga,AL,Southern States Bank,33.173172,-86.251641
"SECURITY BANK, NATIONAL ASSOCIATION",23156,10439,"NORTH LAUDERDALE, FL",5/4/2012,DIF,PA ,N ,FAILURE,"99,067","101,026","15,098",North Lauderdale,FL,Banesco USA,26.217305,-80.225881
PALM DESERT NATIONAL BANK,23632,10437,"PALM DESERT, CA",4/27/2012,DIF,PA ,N ,FAILURE,"129,023","129,253","26,331",Palm Desert,CA,Pacific Premier Bank,33.722245,-116.374456
BANK OF THE EASTERN SHORE,26759,10434,"CAMBRIDGE, MD",4/27/2012,DIF,PO ,SM ,FAILURE,"150,951","162,460","61,641",Cambridge,MD,No Acquirer,38.563174,-76.078829
"INTER SAVINGS BANK, FSB D/B/A/ INTERBANK, FSB",31495,10436,"MAPLE GROVE, MN",4/27/2012,DIF,PA ,SA ,FAILURE,"458,053","463,840","70,213",Maple Grove,MN,Great Southern Bank,45.072464,-93.455788
PLANTATION FEDERAL BANK,32503,10438,"PAWLEYS ISLAND, SC",4/27/2012,DIF,PA ,SA ,FAILURE,"415,943","433,512","83,230",Pawleys Island,SC,First Federal Bank,33.433224,-79.121431
HARVEST BANK OF MARYLAND,57766,10435,"GAITHERSBURG, MD",4/27/2012,DIF,PA ,NM ,FAILURE,"145,534","163,019","26,694",Gaithersburg,MD,Sonabank,39.143441,-77.20137
"FORT LEE FEDERAL SAVINGS BANK, FSB",35527,10433,"FORT LEE, NJ",4/20/2012,DIF,PA ,SA ,FAILURE,"47,786","48,861","12,726",Fort Lee,NJ,Alma Bank,40.850933,-73.970138
FIDELITY BANK,33883,10432,"DEARBORN, MI",3/30/2012,DIF,PA ,NM ,FAILURE,"747,640","818,237","97,182",Dearborn,MI,The Huntington National Bank,42.32226,-83.176314
CONVENANT BANK & TRUST,58068,10430,"ROCK SPRING, GA",3/23/2012,DIF,PA ,NM ,FAILURE,"90,632","95,725","31,695",Rock Spring,GA,"Stearns Bank, N.A.",34.824209,-85.240609
PREMIER BANK,35419,10431,"WILMETTE, IL",3/23/2012,DIF,PA ,NM ,FAILURE,"198,953","268,703","71,134",Wilmette,IL,International Bank of Chicago,42.072251,-87.722838
NEW CITY BANK,57597,10429,"CHICAGO, IL",3/9/2012,DIF,PO ,NM ,FAILURE,"72,399","71,202","14,253",Chicago,IL,No Acquirer,41.878114,-87.629798
GLOBAL COMMERCE BANK,34046,10428,"DORAVILLE, GA",3/2/2012,DIF,PA ,NM ,FAILURE,"116,813","143,678","41,445",Doraville,GA,Metro City Bank,33.898158,-84.283256
HOME SAVINGS OF AMERICA,29178,10427,"LITTLE FALLS, MN",2/24/2012,DIF,PO ,SA ,FAILURE,"432,223","434,111","70,307",Little Falls,MN,No Acquirer,45.980556,-94.369444
CENTRAL BANK OF GEORGIA,5687,10426,"ELLAVILLE, GA",2/24/2012,DIF,PA ,NM ,FAILURE,"266,589","278,860","53,990",Ellaville,GA,Ameris Bank,32.238214,-84.30908
CHARTER NATIONAL BANK AND TRUST,23187,10424,"HOFFMAN ESTATES, IL",2/10/2012,DIF,PA ,N ,FAILURE,"89,485","93,894","20,202",Hoffman Estates,IL,"Barrington Bank & Trust Company, National Association",42.062992,-88.12272
SCB BANK,29761,10425,"SHELBYVILLE, IN",2/10/2012,DIF,PA ,SA ,FAILURE,"171,365","182,561","39,698",Shelbyville,IN,"First Merchants Bank, National Association",39.521437,-85.776924
TENNESSEE COMMERCE BANK,35296,10423,"FRANKLIN, TN",1/27/2012,DIF,PA ,NM ,FAILURE,"1,037,716","1,009,154","351,638",Franklin,TN,Republic Bank & Trust Company,35.925064,-86.86889
PATRIOT BANK MINNESOTA,34823,10422,"FOREST LAKE, MN",1/27/2012,DIF,PA ,NM ,FAILURE,"102,833","105,029","35,509",Forest Lake,MN,First Resource Bank,45.278856,-92.985218
BANKEAST,19869,10420,"KNOXVILLE, TN",1/27/2012,DIF,PA ,SM ,FAILURE,"259,571","261,947","74,064",Knoxville,TN,"U.S. Bank, N.A.",35.960638,-83.920739
FIRST GUARANTY BANK AND TRUST COMPANY OF JACKSONVILLE,16579,10421,"JACKSONVILLE, FL",1/27/2012,DIF,PA ,NM ,FAILURE,"378,309","397,082","54,383",Jacksonville,FL,"CenterState Bank of Florida, N.A.",30.332184,-81.655651
THE FIRST STATE BANK,19252,10419,"STOCKBRIDGE, GA",1/20/2012,DIF,PA ,NM ,FAILURE,"509,065","516,760","203,985",Stockbridge,GA,Hamilton State Bank,33.544278,-84.233809
AMERICAN EAGLE SAVINGS BANK,31581,10417,"BOOTHWYN, PA",1/20/2012,DIF,PA ,SA ,FAILURE,"17,548","19,259","4,842",Boothwyn,PA,"Capital Bank, N.A.",39.830112,-75.441584
CENTRAL FLORIDA STATE BANK,57186,10418,"BELLEVIEW, FL",1/20/2012,DIF,PA ,NM ,FAILURE,"71,080","71,485","13,697",Belleview,FL,"CenterState Bank of Florida, N.A.",29.055258,-82.062310
WESTERN NATIONAL BANK,57917,10416,"PHOENIX, AZ",12/16/2011,DIF,PA ,N ,FAILURE,"144,491","162,872","41,735",Phoenix,AZ,Washington Federal,33.448377,-112.074037
PREMIER COMMUNITY BANK OF THE EMERALD COAST,58343,10415,"CRESTVIEW, FL",12/16/2011,DIF,PA ,NM ,FAILURE,"112,050","125,976","25,167",Crestview,FL,Summit Bank,30.754181,-86.572799
POLK COUNTY BANK,14194,10414,"JOHNSTON, IA",11/18/2011,DIF,PA ,NM ,FAILURE,"81,967","91,580","16,053",Johnston,IA,Grinnell State Bank,41.670983,-93.713049
CENTRAL PROGRESSIVE BANK,19657,10413,"LACOMBE, LA",11/18/2011,DIF,PA ,NM ,FAILURE,"347,720","383,132","48,824",Lacombe,LA,First NBC Bank,34.136721,-118.661481
COMMUNITY BANK OF ROCKMART,57860,10412,"ROCKMART, GA",11/10/2011,DIF,PA ,NM ,FAILURE,"55,906","62,383","21,586",Rockmart,GA,Century Bank of Georgia,34.0026,-85.041613
"MID CITY BANK, INC.",19397,10410,"OMAHA, NE",11/4/2011,DIF,PA ,NM ,FAILURE,"105,461","106,075","14,114",Omaha,NE,Premier Bank,41.252363,-95.997988
SUNFIRST BANK,57087,10411,"SAINT GEORGE, UT",11/4/2011,DIF,PA ,NM ,FAILURE,"169,135","198,081","43,693",Saint George,UT,Cache Valley Bank,37.096528,-113.568416
ALL AMERICAN BANK,57759,10409,"DES PLAINES, IL",10/28/2011,DIF,PA ,NM ,FAILURE,"30,542","34,800","13,801",Des Plaines,IL,International Bank of Chicago,42.033362,-87.883399
OLD HARBOR BANK,57537,10408,"CLEARWATER, FL",10/21/2011,DIF,PA ,NM ,FAILURE,"212,184","209,048","28,336",Clearwater,FL,1st United Bank,27.965853,-82.800103
COMMUNITY BANKS OF COLORADO,21132,10405,"GREENWOOD VILLAGE, CO",10/21/2011,DIF,PA ,SM ,FAILURE,"1,239,630","1,280,964","172,023",Greenwood Village,CO,"Bank Midwest, N.A.",39.61721,-104.950814
DECATUR FIRST BANK,34392,10407,"DECATUR, GA",10/21/2011,DIF,PA ,NM ,FAILURE,"172,042","184,750","26,066",Decatur,GA,Fidelity Bank,33.774828,-84.296312
COMMUNITY CAPITAL BANK,57036,10406,"JONESBORO, GA",10/21/2011,DIF,PA ,NM ,FAILURE,"157,808","165,291","64,965",Jonesboro,GA,State Bank and Trust Company,33.521501,-84.353813
"BLUE RIDGE SAVINGS BANK, INC.",32347,10401,"ASHEVILLE, NC",10/14/2011,DIF,PA ,SB ,FAILURE,"159,628","161,430","44,376",Asheville,NC,Bank of North Carolina,35.595058,-82.551487
PIEDMONT COMMUNITY BANK,57256,10404,"GRAY, GA",10/14/2011,DIF,PA ,NM ,FAILURE,"178,773","198,993","88,194",Gray,GA,State Bank and Trust Company,33.00958,-83.533782
COUNTRY BANK,35395,10402,"ALEDO, IL",10/14/2011,DIF,PA ,NM ,FAILURE,"180,835","195,034","72,944",Aledo,IL,Blackhawk Bank & Trust,41.199757,-90.749306
FIRST STATE BANK,58046,10403,"CRANFORD, NJ",10/14/2011,DIF,PA ,NM ,FAILURE,"188,099","191,852","47,681",Cranford,NJ,Northfield Bank,40.658421,-74.299593
SUN SECURITY BANK,20115,10400,"ELLINGTON, MO",10/7/2011,DIF,PA ,NM ,FAILURE,"280,649","351,492","93,168",Ellington,MO,Great Southern Bank,37.241715,-90.968736
THE RIVERBANK,10216,10399,"WYOMING, MN",10/7/2011,DIF,PA ,NM ,FAILURE,"384,120","419,723","79,284",Wyoming,MN,Central Bank,45.308015,-92.96313
FIRST INTERNATIONAL BANK,33513,10398,"PLANO, TX",9/30/2011,DIF,PA ,NM ,FAILURE,"208,775","239,916","58,022",Plano,TX,American First National Bank,33.019843,-96.698886
CITIZENS BANK OF NORTHERN CALIFORNIA,33983,10397,"NEVADA CITY, CA",9/23/2011,DIF,PA ,NM ,FAILURE,"253,079","288,765","41,059",Nevada City,CA,Tri Counties Bank,39.261561,-121.016059
BANK OF THE COMMONWEALTH,20408,10396,"NORFOLK, VA",9/23/2011,DIF,PA ,SM ,FAILURE,"901,845","985,096","252,158",Norfolk,VA,Southern Bank and Trust Company,36.850769,-76.285873
THE FIRST NATIONAL BANK OF FLORIDA,25155,10395,"MILTON, FL",9/9/2011,DIF,PA ,N ,FAILURE,"280,095","296,841","76,066",Milton,FL,CharterBank,30.632415,-87.039688
CREEKSIDE BANK,58226,10393,"WOODSTOCK, GA",9/2/2011,DIF,PA ,NM ,FAILURE,"96,583","102,338","34,280",Woodstock,GA,Georgia Commerce Bank,34.101487,-84.519375
PATRIOT BANK OF GEORGIA,58273,10394,"CUMMING, GA",9/2/2011,DIF,PA ,NM ,FAILURE,"140,612","150,751","54,307",Cumming,GA,Georgia Commerce Bank,34.20732,-84.140193
LYDIAN PRIVATE BANK,35356,10392,"PALM BEACH, FL",8/19/2011,DIF,PA ,SA ,FAILURE,"1,253,835","1,700,117","190,852",Palm Beach,FL,"Sabadell United Bank, N.A.",26.705621,-80.03643
FIRST CHOICE BANK,57212,10390,"GENEVA, IL",8/19/2011,DIF,PA ,NM ,FAILURE,"137,215","141,016","34,064",Geneva,IL,Inland Bank & Trust,41.887528,-88.305353
FIRST SOUTHERN NATIONAL BANK,57239,10391,"STATESBORO, GA",8/19/2011,DIF,PA ,N ,FAILURE,"159,673","164,599","22,679",Statesboro,GA,Heritage Bank of the South,32.448788,-81.783167
PUBLIC SAVINGS BANK,34130,10389,"HUNTINGDON VALLEY, PA",8/18/2011,DIF,PA ,SB ,FAILURE,"45,770","46,818","15,939",Huntingdon Valley,PA,"Capital Bank, N.A.",40.13799,-75.072796
THE FIRST NATIONAL BANK OF OLATHE,4744,10388,"OLATHE, KS",8/12/2011,DIF,PA ,N ,FAILURE,"524,290","538,091","103,842",Olathe,KS,Enterprise Bank & Trust,38.881396,-94.819128
BANK OF WHITMAN,22528,10387,"COLFAX, WA",8/5/2011,DIF,PA ,SM ,FAILURE,"515,732","548,570","104,760",Colfax,WA,Columbia State Bank,46.880165,-117.36435
BANK OF SHOREWOOD,22637,10386,"SHOREWOOD, IL",8/5/2011,DIF,PA ,NM ,FAILURE,"104,021","110,723","29,378",Shorewood,IL,Heartland Bank and Trust Company,41.52003,-88.201729
INTEGRA BANK NATIONAL ASSOCIATION,4392,10384,"EVANSVILLE, IN",7/29/2011,DIF,PA ,N ,FAILURE,"1,693,592","1,994,430","89,107",Evansville,IN,Old National Bank,37.971559,-87.57109
VIRGINIA BUSINESS BANK,58283,10385,"RICHMOND, VA",7/29/2011,DIF,PA ,SM ,FAILURE,"72,955","83,493","19,851",Richmond,VA,Xenith Bank,37.540725,-77.436048
"BANKMERIDIAN, N.A.",58222,10383,"COLUMBIA, SC",7/29/2011,DIF,PA ,N ,FAILURE,"209,737","232,648","49,444",Columbia,SC,SCBT National Association,34.00071,-81.034814
SOUTHSHORE COMMUNITY BANK,58056,10382,"APOLLO BEACH, FL",7/22/2011,DIF,PA ,NM ,FAILURE,"41,434","41,252","11,403",Apollo Beach,FL,American Momentum Bank,27.773084,-82.407593
BANK OF CHOICE,2994,10380,"GREELEY, CO",7/22/2011,DIF,PA ,NM ,FAILURE,"818,670","954,106","139,501",Greeley,CO,"Bank Midwest, N.A.",40.423314,-104.709132
LANDMARK BANK OF FLORIDA,35244,10381,"SARASOTA, FL",7/22/2011,DIF,PA ,SM ,FAILURE,"244,362","266,482","37,485",Sarasota,FL,American Momentum Bank,27.336435,-82.530653
FIRST PEOPLES BANK,34870,10376,"PORT SAINT LUCIE, FL",7/15/2011,DIF,PA ,NM ,FAILURE,"207,621","225,035","13,110",Port St. Lucie,FL,"Premier American Bank, N.A.",27.273049,-80.358226
HIGH TRUST BANK,19554,10377,"STOCKBRIDGE, GA",7/15/2011,DIF,PA ,NM ,FAILURE,"177,221","180,340","71,672",Stockbridge,GA,Ameris Bank,33.544278,-84.233809
ONE GEORGIA BANK,58238,10378,"ATLANTA, GA",7/15/2011,DIF,PA ,NM ,FAILURE,"158,123","177,715","40,898",Atlanta,GA,Ameris Bank,33.748995,-84.387982
SUMMIT BANK,57442,10379,"PRESCOTT, AZ",7/15/2011,DIF,PA ,NM ,FAILURE,"67,471","73,066","14,868",Prescott,AZ,The Foothills Bank,34.540024,-112.468502
FIRST CHICAGO BANK & TRUST,27935,10374,"CHICAGO, IL",7/8/2011,DIF,PA ,SM ,FAILURE,"830,530","896,864","197,884",Chicago,IL,Northbrook Bank & Trust Company,41.878114,-87.629798
COLORADO CAPITAL BANK,34522,10373,"CASTLE ROCK, CO",7/8/2011,DIF,PA ,NM ,FAILURE,"635,202","665,806","254,944",Castle Rock,CO,First-Citizens Bank & Trust Company,39.372212,-104.856090
SIGNATURE  BANK,57835,10375,"WINDSOR, CO",7/8/2011,DIF,PA ,NM ,FAILURE,"60,349","62,518","23,311",Windsor,CO,Points West Community Bank,40.477482,-104.901362
MOUNTAIN HERITAGE BANK,57593,10372,"CLAYTON, GA",6/24/2011,DIF,PA ,NM ,FAILURE,"89,554","103,716","34,481",Clayton,GA,First American Bank and Trust Company,34.878148,-83.400993
MCINTOSH STATE BANK,19237,10371,"JACKSON, GA",6/17/2011,DIF,PA ,NM ,FAILURE,"324,403","339,929","78,350",Jackson,GA,Hamilton State Bank,33.294565,-83.966021
FIRST COMMERCIAL BANK OF TAMPA BAY,27583,10370,"TAMPA, FL",6/17/2011,DIF,PA ,NM ,FAILURE,"92,641","98,624","33,477",Tampa,FL,Stonegate Bank,27.950575,-82.457178
ATLANTIC BANK AND TRUST,58420,10369,"CHARLESTON, SC",6/3/2011,DIF,PA ,SA ,FAILURE,"191,614","208,204","32,716",Charleston,SC,"First Citizens Bank and Trust Company, Inc.",32.776475,-79.931051
FIRST HERITAGE BANK,23626,10368,"SNOHOMISH, WA",5/27/2011,DIF,PA ,NM ,FAILURE,"163,303","173,478","34,401",Snohomish,WA,Columbia State Bank,47.912876,-122.098185
ATLANTIC SOUTHERN BANK,57213,10365,"MACON, GA",5/20/2011,DIF,PA ,NM ,FAILURE,"707,643","741,855","282,023",Macon,GA,"CertusBank, National Association",32.840695,-83.632402
FIRST GEORGIA BANKING COMPANY,57647,10366,"FRANKLIN, GA",5/20/2011,DIF,PA ,NM ,FAILURE,"702,231","730,981","136,811",Franklin,GA,"CertusBank, National Association",33.277618,-85.097997
SUMMIT BANK,513,10367,"BURLINGTON, WA",5/20/2011,DIF,PA ,NM ,FAILURE,"131,631","142,729","25,664",Burlington,WA,Columbia State Bank,48.475662,-122.325437
COASTAL BANK,34898,10364,"COCOA BEACH, FL",5/6/2011,DIF,PA ,SA ,FAILURE,"123,950","129,429","18,527",Cocoa Beach,FL,"Florida Community Bank, a division of Premier American Bank, N.A.",28.320007,-80.607551
COMMUNITY CENTRAL BANK,34234,10359,"MOUNT CLEMENS, MI",4/29/2011,DIF,PA ,NM ,FAILURE,"371,494","451,683","98,808",Mount Clemens,MI,Talmer Bank & Trust,42.597256,-82.877975
THE PARK AVENUE BANK,19797,10363,"VALDOSTA, GA",4/29/2011,DIF,PA ,SM ,FAILURE,"724,483","849,409","236,988",Valdosta,GA,Bank of the Ozarks,30.832702,-83.278485
FIRST NATIONAL BANK OF CENTRAL FLORIDA,26297,10362,"WINTER PARK, FL",4/29/2011,DIF,PA ,N ,FAILURE,"308,784","342,079","42,899",Winter Park,FL,"Florida Community Bank, a division of Premier American Bank, N.A.",28.6,-81.339235
CORTEZ COMMUNITY  BANK,57625,10360,"BROOKSVILLE, FL",4/29/2011,DIF,PA ,NM ,FAILURE,"65,439","66,282","17,194",Brooksville,FL,"Florida Community Bank, a division of Premier American Bank, N.A.",28.555272,-82.387871
FIRST CHOICE COMMUNITY BANK,58539,10361,"DALLAS, GA",4/29/2011,DIF,PA ,NM ,FAILURE,"294,769","291,196","105,180",Dallas,GA,Bank of the Ozarks,33.924453,-84.841306
NEW HORIZONS BANK,57705,10355,"EAST ELLIJAY, GA",4/15/2011,DIF,PA ,NM ,FAILURE,"99,022","103,055","34,732",East Ellijay,GA,Citizens South Bank,34.683975,-84.472705
SUPERIOR BANK,17750,10358,"BIRMINGHAM, AL",4/15/2011,DIF,PA ,SA ,FAILURE,"2,736,201","2,977,290","323,186",Birmingham,AL,"Superior Bank, National Association",33.520661,-86.80249
HERITAGE BANKING GROUP,14273,10354,"CARTHAGE, MS",4/15/2011,DIF,PA ,NM ,FAILURE,"205,035","228,328","38,173",Carthage,MS,Trustmark National Bank,32.732636,-89.536182
NEXITY BANK,19794,10356,"BIRMINGHAM, AL",4/15/2011,DIF,PA ,NM ,FAILURE,"611,681","757,574","180,152",Birmingham,AL,AloStar Bank of Commerce,33.520661,-86.80249
BARTOW COUNTY BANK,21495,10353,"CARTERSVILLE, GA",4/15/2011,DIF,PA ,NM ,FAILURE,"290,005","314,019","85,550",Cartersville,GA,Hamilton State Bank,34.165097,-84.799938
ROSEMOUNT NATIONAL BANK,24099,10357,"ROSEMOUNT, MN",4/15/2011,DIF,PA ,N ,FAILURE,"20,980","21,454","5,398",Rosemount,MN,Central Bank,44.73941,-93.125772
NEVADA COMMERCE BANK,35418,10351,"LAS VEGAS, NV",4/8/2011,DIF,PA ,NM ,FAILURE,"128,573","135,064","40,024",Las Vegas,NV,City National Bank,36.169941,-115.13983
WESTERN SPRINGS NATIONAL BANK AND TRUST,10086,10352,"WESTERN SPRINGS, IL",4/8/2011,DIF,PA ,N ,FAILURE,"182,441","186,677","38,547",Western Springs,IL,Heartland Bank and Trust Company,41.809753,-87.900616
THE BANK OF COMMERCE,34292,10350,"WOOD DALE, IL",3/25/2011,DIF,PA ,NM ,FAILURE,"161,379","163,074","44,438",Wood Dale,IL,Advantage National Bank Group,41.963363,-87.978956
LEGACY BANK,34818,10348,"MILWAUKEE, WI",3/11/2011,DIF,PA ,SM ,FAILURE,"183,309","190,418","76,731",Milwaukee,WI,Seaway Bank and Trust Company,43.038902,-87.906474
THE FIRST NATIONAL BANK OF DAVIS,4077,10349,"DAVIS, OK",3/11/2011,DIF,PA ,N ,FAILURE,"68,331","90,183","33,812",Davis,OK,The Pauls Valley National Bank,34.504532,-97.119464
VALLEY COMMUNITY BANK,34187,10347,"ST. CHARLES, IL",2/25/2011,DIF,PA ,NM ,FAILURE,"124,179","123,774","28,270",St. Charles,IL,First State Bank,41.914195,-88.308687
"SAN LUIS TRUST BANK, FSB",34783,10346,"SAN LUIS OBISPO, CA",2/18/2011,DIF,PA ,SA ,FAILURE,"272,216","332,596","72,906",San Luis Obispo,CA,First California Bank,35.282752,-120.659616
CITIZENS BANK OF EFFINGHAM,34601,10344,"SPRINGFIELD, GA",2/18/2011,DIF,PA ,NM ,FAILURE,"206,490","214,275","48,619",Springfield,GA,Heritage Bank of the South,32.364224,-81.30418
HABERSHAM BANK,151,10345,"CLARKESVILLE, GA",2/18/2011,DIF,PA ,NM ,FAILURE,"339,934","387,681","119,453",Clarkesville,GA,SCBT National Association,34.612597,-83.524893
CHARTER OAK BANK,57855,10343,"NAPA, CA",2/18/2011,DIF,PA ,NM ,FAILURE,"105,309","120,833","21,544",Napa,CA,Bank of Marin,38.297538,-122.286865
BADGER STATE BANK,13272,10339,"CASSVILLE, WI",2/11/2011,DIF,PA ,NM ,FAILURE,"78,549","83,828","19,454",Cassville,WI,Royal Bank,42.714437,-90.990684
PEOPLES STATE BANK,14939,10341,"HAMTRAMCK, MI",2/11/2011,DIF,PA ,NM ,FAILURE,"389,868","390,524","103,271",Hamtramck,MI,First Michigan Bank,42.392815,-83.049644
CANYON NATIONAL BANK,34692,10340,"PALM SPRINGS, CA",2/11/2011,DIF,PA ,N ,FAILURE,"205,285","210,859","15,617",Palm Springs,CA,Pacific Premier Bank,33.830296,-116.545292
SUNSHINE STATE COMMUNITY BANK,35478,10342,"PORT ORANGE, FL",2/11/2011,DIF,PA ,NM ,FAILURE,"116,715","125,531","32,294",Port Orange,FL,"Premier American Bank, N.A.",29.138316,-80.99561
NORTH GEORGIA BANK,35242,10338,"WATKINSVILLE, GA",2/4/2011,DIF,PA ,NM ,FAILURE,"139,672","153,172","48,860",Watkinsville,GA,BankSouth,33.862896,-83.408771
AMERICAN TRUST BANK,57432,10336,"ROSWELL, GA",2/4/2011,DIF,PA ,NM ,FAILURE,"222,161","238,205","70,717",Roswell,GA,Renasant Bank,34.023243,-84.361556
COMMUNITY FIRST BANK - CHICAGO,57948,10337,"CHICAGO, IL",2/4/2011,DIF,PA ,SM ,FAILURE,"49,504","51,083","10,994",Chicago,IL,Northbrook Bank & Trust Company,41.878114,-87.629798
FIRSTIER BANK,57646,10334,"LOUISVILLE, CO",1/28/2011,DIF,PO ,NM ,FAILURE,"718,797","764,090","240,888",Louisville,CO,No Acquirer,39.977763,-105.13193
FIRST COMMUNITY BANK,12261,10333,"TAOS, NM",1/28/2011,DIF,PA ,SM ,FAILURE,"1,847,851","2,188,154","241,540",Taos,NM,"U.S. Bank, N.A.",36.407249,-105.573066
EVERGREEN STATE BANK,5328,10332,"STOUGHTON, WI",1/28/2011,DIF,PA ,NM ,FAILURE,"193,694","240,949","28,789",Stoughton,WI,McFarland State Bank,42.916946,-89.217894
THE FIRST STATE BANK,2303,10335,"CAMARGO, OK",1/28/2011,DIF,PA ,NM ,FAILURE,"41,204","44,546","33,591",Camargo,OK,Bank 7,36.017267,-99.289272
ENTERPRISE BANKING COMPANY,19758,10329,"MCDONOUGH, GA",1/21/2011,DIF,PO ,NM ,FAILURE,"94,591","99,461","46,036",McDonough,GA,No Acquirer,33.447336,-84.146862
COMMUNITYSOUTH BANK AND TRUST,57868,10328,"EASLEY, SC",1/21/2011,DIF,PA ,NM ,FAILURE,"314,250","340,986","45,189",Easley,SC,"CertusBank, National Association",34.829838,-82.601521
THE BANK OF ASHEVILLE,34516,10330,"ASHEVILLE, NC",1/21/2011,DIF,PA ,NM ,FAILURE,"199,394","204,925","45,095",Asheville,NC,First Bank,35.595058,-82.551487
UNITED WESTERN BANK,31293,10331,"DENVER, CO",1/21/2011,DIF,PA ,SA ,FAILURE,"1,535,194","2,153,690","162,140",Denver,CO,First-Citizens Bank & Trust Company,39.739236,-104.990251
OGLETHORPE BANK,57440,10327,"BRUNSWICK, GA",1/14/2011,DIF,PA ,NM ,FAILURE,"201,369","211,149","84,130",Brunswick,GA,Bank of the Ozarks,31.149953,-81.491489
FIRST COMMERCIAL BANK OF FLORIDA,34965,10325,"ORLANDO, FL",1/7/2011,DIF,PA ,SM ,FAILURE,"537,223","578,638","88,904",Orlando,FL,First Southern Bank,28.538335,-81.379236
LEGACY BANK,57820,10326,"SCOTTSDALE, AZ",1/7/2011,DIF,PA ,NM ,FAILURE,"119,685","136,446","32,224",Scottsdale,AZ,Enterprise Bank & Trust,33.49417,-111.926052
"APPALACIAN COMMUNITY BANK, F.S.B.",58495,10319,"MCCAYSVILLE, GA",12/17/2010,DIF,PA ,SA ,FAILURE,"76,360","68,201","28,814",McCaysville,GA,Peoples Bank of East Tennessee,34.986191,-84.371312
FIRST SOUTHERN BANK,58052,10322,"BATESVILLE, AR",12/17/2010,DIF,PA ,NM ,FAILURE,"172,514","191,764","25,100",Batesville,AR,Southern Bank,35.769799,-91.640972
CHESTATEE STATE BANK,34578,10320,"DAWSONVILLE, GA",12/17/2010,DIF,PA ,NM ,FAILURE,"244,476","244,376","83,075",Dawsonville,GA,Bank of the Ozarks,34.421205,-84.11908
UNITED AMERICAS BANK,35065,10323,"ATLANTA, GA",12/17/2010,DIF,PA ,N ,FAILURE,"244,172","242,339","96,415",Atlanta,GA,State Bank and Trust Company,33.748995,-84.387982
THE BANK OF MIAMI,19040,10324,"CORAL GABLES, FL",12/17/2010,DIF,PA ,N ,FAILURE,"374,218","448,150","29,876",Coral Gables,FL,1st United Bank,25.72149,-80.268384
COMMUNITY NATIONAL BANK,23306,10321,"LINO LAKES, MN",12/17/2010,DIF,PA ,N ,FAILURE,"28,916","31,569","5,827",Lino Lakes,MN,Farmers & Merchants Savings Bank,45.160244,-93.088832
EARTHSTAR BANK,35561,10317,"SOUTHAMPTON, PA",12/10/2010,DIF,PA ,NM ,FAILURE,"104,505","112,643","24,558",Southampton,PA,Polonia Bank,40.179209,-75.043592
PARAMOUNT BANK,34673,10318,"FARMINGTON HILLS, MI",12/10/2010,DIF,PA ,SM ,FAILURE,"213,550","252,744","68,586",Farmington Hills,MI,Level One Bank,42.498994,-83.367717
ALLEGIANCE BANK OF NORTH AMERICA,35078,10314,"BALA CYNWYD, PA",11/19/2010,DIF,PA ,NM ,FAILURE,"91,996","106,595","12,776",Bala Cynwyd,PA,VIST Bank,40.013142,-75.230404
GULF STATE COMMUNITY BANK,20340,10316,"CARRABELLE, FL",11/19/2010,DIF,PA ,NM ,FAILURE,"112,193","112,144","44,443",Carrabelle,FL,Centennial Bank,29.853264,-84.664348
FIRST BANKING CENTER,5287,10315,"BURLINGTON, WI",11/19/2010,DIF,PA ,SM ,FAILURE,"664,752","750,724","88,775",Burlington,WI,First Michigan Bank,42.678073,-88.276203
DARBY BANK & TRUST COMPANY,14580,10312,"VIDALIA, GA",11/12/2010,DIF,PA ,NM ,FAILURE,"587,626","654,714","131,352",Vidalia,GA,Ameris Bank,32.217686,-82.413461
COPPER STAR BANK,35463,10311,"SCOTTSDALE, AZ",11/12/2010,DIF,PA ,NM ,FAILURE,"190,182","203,955","55,375",Scottsdale,AZ,"Stearns Bank, N.A.",33.49417,-111.926052
TIFTON BANKING COMPANY,57831,10313,"TIFTON, GA",11/12/2010,DIF,PA ,NM ,FAILURE,"141,573","143,729","25,194",Tifton,GA,Ameris Bank,31.450463,-83.508497
FIRST VIETNAMESE AMERICAN BANK,57885,10307,"WESTMINSTER, CA",11/5/2010,DIF,PA ,NM ,FAILURE,"47,012","48,000","14,585",Westminster,CA,Grandpoint Bank,33.759176,-117.989706
K BANK,31263,10308,"RANDALLSTOWN, MD",11/5/2010,DIF,PA ,NM ,FAILURE,"500,056","538,258","142,343",Randallstown,MD,Manufacturers and Traders Trust Company (M&T Bank),39.367328,-76.795253
PIERCE COMMERCIAL BANK,34411,10309,"TACOMA, WA",11/5/2010,DIF,PA ,SM ,FAILURE,"193,473","221,082","26,754",Tacoma,WA,Heritage Bank,47.252877,-122.444291
WESTERN COMMERCIAL BANK,58087,10310,"WOODLAND HILLS, CA",11/5/2010,DIF,PA ,NM ,FAILURE,"101,127","98,635","16,943",Woodland Hills,CA,First California Bank,34.165357,-118.608975
HILLCREST BANK,22173,10302,"OVERLAND PARK, KS",10/22/2010,DIF,PA ,NM ,FAILURE,"1,488,785","1,583,611","275,983",Overland Park,KS,"Hillcrest Bank, N.A.",38.982228,-94.670792
THE GORDON BANK,33904,10305,"GORDON, GA",10/22/2010,DIF,PA ,NM ,FAILURE,"26,867","29,259","11,480",Gordon,GA,Morris Bank,32.882087,-83.332385
"FIRST ARIZONA SAVINGS, A FSB",32582,10306,"SCOTTSDALE, AZ",10/22/2010,DIF,PO ,SA ,FAILURE,"190,615","255,920","34,292",Scottsdale,AZ,No Acquirer,33.49417,-111.926052
PROGRESS BANK OF FLORIDA,32251,10303,"TAMPA, FL",10/22/2010,DIF,PA ,SM ,FAILURE,"86,861","94,823","34,562",Tampa,FL,Bay Cities Bank,27.950575,-82.457178
FIRST SUBURBAN NATIONAL BANK,16089,10301,"MAYWOOD, IL",10/22/2010,DIF,PA ,N ,FAILURE,"135,475","143,451","44,321",Maywood,IL,Seaway Bank and Trust Company,41.879198,-87.843116
THE FIRST NATIONAL BANK OF BARNESVILLE,2119,10304,"BARNESVILLE, GA",10/22/2010,DIF,PA ,N ,FAILURE,"122,880","126,622","46,897",Barnesville,GA,United Bank,33.054571,-84.155750
FIRST BANK OF JACKSONVILLE,27573,10300,"JACKSONVILLE, FL",10/22/2010,DIF,PA ,NM ,FAILURE,"72,198","73,922","14,726",Jacksonville,FL,Ameris Bank,30.332184,-81.655651
"SECURITY SAVINGS BANK, F.S.B.",30898,10298,"OLATHE, KS",10/15/2010,DIF,PA ,SA ,FAILURE,"347,080","453,349","55,726",Olathe,KS,Simmons First National Bank,38.881396,-94.819128
PREMIER BANK,34016,10297,"JEFFERSON CITY, MO",10/15/2010,DIF,PA ,NM ,FAILURE,"869,367","989,382","313,904",Jefferson City,MO,Providence Bank,38.576702,-92.173516
WESTBRIDGE BANK AND TRUST COMPANY,58205,10299,"CHESTERFIELD, MO",10/15/2010,DIF,PA ,NM ,FAILURE,"70,131","87,782","22,438",Chesterfield,MO,Midland States Bank,38.663108,-90.577067
SHORELINE BANK,35250,10295,"SHORELINE, WA",10/1/2010,DIF,PA ,NM ,FAILURE,"90,644","92,980","24,411",Shoreline,WA,GBC International Bank,47.755966,-122.345697
WAKULLA BANK,21777,10296,"CRAWFORDVILLE, FL",10/1/2010,DIF,PA ,NM ,FAILURE,"367,228","402,205","122,473",Crawfordville,FL,Centennial Bank,30.194484,-84.371121
NORTH COUNTY BANK,35053,10294,"ARLINGTON, WA",9/24/2010,DIF,PA ,NM ,FAILURE,"276,081","288,776","70,800",Arlington,WA,Whidbey Island Bank,48.198712,-122.125142
HAVEN TRUST BANK FLORIDA,58308,10293,"PONTE VEDRA BEACH, FL",9/24/2010,DIF,PA ,NM ,FAILURE,"133,561","148,575","34,827",Ponte Vedra Beach,FL,First Southern Bank,30.240006,-81.38526
THE BANK OF ELLIJAY,58197,10287,"ELLIJAY, GA",9/17/2010,DIF,PA ,NM ,FAILURE,"160,718","168,820","79,709",Ellijay,GA,Community & Southern Bank,34.694808,-84.48215
ISN BANK,57107,10290,"CHERRY HILL, NJ",9/17/2010,DIF,PA ,NM ,FAILURE,"79,652","81,564","19,015",Cherry Hill,NJ,Customers Bank,39.926813,-75.024631
FIRST COMMERCE COMMUNITY BANK,57448,10289,"DOUGLASVILLE, GA",9/17/2010,DIF,PA ,NM ,FAILURE,"242,831","248,151","101,039",Douglasville,GA,Community & Southern Bank,33.751497,-84.747714
THE PEOPLES BANK,182,10292,"WINDER, GA",9/17/2010,DIF,PA ,NM ,FAILURE,"398,181","447,185","101,852",Winder,GA,Community & Southern Bank,33.99261,-83.720171
BRAMBLE SAVINGS BANK,27808,10288,"MILFORD, OH",9/17/2010,DIF,PA ,SB ,FAILURE,"41,551","47,523","17,928",Milford,OH,Foundation Bank,39.175338,-84.294382
MARITIME SAVINGS BANK,28612,10291,"WEST ALLIS, WI",9/17/2010,DIF,PA ,SB ,FAILURE,"248,134","350,488","91,030",West Allis,WI,"North Shore Bank, FSB",43.016681,-88.007031
HORIZON BANK,35061,10286,"BRADENTON, FL",9/10/2010,DIF,PA ,SM ,FAILURE,"164,594","187,819","61,394",Bradenton,FL,Bank of the Ozarks,27.498928,-82.574819
BUTTE COMMUNITY BANK,33219,10278,"CHICO, CA",8/20/2010,DIF,PA ,NM ,FAILURE,"471,256","498,751","9,440",Chico,CA,"Rabobank, N.A.",39.728494,-121.837478
LOS PADRES BANK,32165,10282,"SOLVANG, CA",8/20/2010,DIF,PA ,SB ,FAILURE,"770,899","866,459","31,632",Solvang,CA,Pacific Western Bank,34.59582,-120.137648
IMPERIAL SAVINGS AND LOAN ASSOCIATION,31623,10280,"MARTINSVILLE, VA",8/20/2010,DIF,PA ,SB ,FAILURE,"10,090","9,448","4,752",Martinsville,VA,"River Community Bank, N.A.",36.691526,-79.872539
SHOREBANK,15640,10284,"CHICAGO, IL",8/20/2010,DIF,PA ,NM ,FAILURE,"1,547,403","2,166,431","526,903",Chicago,IL,Urban Partnership Bank,41.878114,-87.629798
COMMUNITY NATIONAL BANK AT BARTOW,25266,10279,"BARTOW, FL",8/20/2010,DIF,PA ,N ,FAILURE,"63,708","67,918","9,170",Bartow,FL,"CenterState Bank of Florida, N.A.",27.896415,-81.843137
PACIFIC STATE BANK,27090,10283,"STOCKTON, CA",8/20/2010,DIF,PA ,SM ,FAILURE,"278,832","312,077","36,624",Stockton,CA,"Rabobank, N.A.",37.957702,-121.29078
SONOMA VALLEY BANK,27259,10285,"SONOMA, CA",8/20/2010,DIF,PA ,NM ,FAILURE,"255,501","337,113","10,176",Sonoma,CA,Westamerica Bank,38.291859,-122.458036
INDEPENDENT NATIONAL BANK,27344,10281,"OCALA, FL",8/20/2010,DIF,PA ,N ,FAILURE,"141,877","156,218","11,982",Ocala,FL,"CenterState Bank of Florida, N.A.",29.187199,-82.140092
PALOS BANK AND TRUST COMPANY,17599,10277,"PALOS HEIGHTS, IL",8/13/2010,DIF,PA ,NM ,FAILURE,"467,784","493,391","70,642",Palos Heights,IL,First Midwest Bank,41.668089,-87.796442
RAVENSWOOD BANK,34231,10276,"CHICAGO, IL",8/6/2010,DIF,PA ,NM ,FAILURE,"269,448","264,628","70,148",Chicago,IL,Northbrook Bank & Trust Company,41.878114,-87.629798
LIBERTYBANK,31964,10273,"EUGENE, OR",7/30/2010,DIF,PA ,NM ,FAILURE,"692,670","714,574","58,683",Eugene,OR,Home Federal Bank,44.052069,-123.086754
BAYSIDE SAVINGS BANK,57669,10271,"PORT SAINT JOE, FL",7/30/2010,DIF,PA ,SB ,FAILURE,"52,720","64,344","12,479",Port Saint Joe,FL,Centennial Bank,29.811876,-85.302974
NORTHWEST BANK & TRUST,57658,10274,"ACWORTH, GA",7/30/2010,DIF,PA ,NM ,FAILURE,"155,531","160,763","33,627",Acworth,GA,State Bank and Trust Company,34.065933,-84.67688
THE COWLITZ BANK,22643,10275,"LONGVIEW, WA",7/30/2010,DIF,PA ,NM ,FAILURE,"474,742","489,019","37,080",Longview,WA,Heritage Bank,46.138168,-122.938167
COASTAL COMMUNITY BANK,9619,10272,"PANAMA CITY BEACH, FL",7/30/2010,DIF,PA ,NM ,FAILURE,"370,016","377,469","116,866",Panama City Beach,FL,Centennial Bank,30.176591,-85.805488
THUNDER BANK,10506,10269,"SYLVAN GROVE, KS",7/23/2010,DIF,PA ,SM ,FAILURE,"27,048","28,248","6,651",Sylvan Grove,KS,The Bennington State Bank,39.009454,-98.394228
WILLIAMSBURG FIRST NATIONAL BANK,17837,10270,"KINGSTREE, SC",7/23/2010,DIF,PA ,N ,FAILURE,"126,993","130,411","2,425",Kingstree,SC,"First Citizens Bank and Trust Company, Inc.",33.667664,-79.830626
HOME VALLEY BANK,23181,10266,"CAVE JUNCTION, OR",7/23/2010,DIF,PA ,SM ,FAILURE,"227,935","250,488","32,112",Cave Junction,OR,South Valley Bank & Trust,42.162891,-123.648123
CRESCENT BANK AND TRUST COMPANY,27559,10265,"JASPER, GA",7/23/2010,DIF,PA ,NM ,FAILURE,"932,809","970,235","307,089",Jasper,GA,Renasant Bank,34.469552,-84.428989
SOUTHWESTUSA BANK,35434,10267,"LAS VEGAS, NV",7/23/2010,DIF,PA ,NM ,FAILURE,"183,985","203,690","87,710",Las Vegas,NV,Plaza Bank,36.169941,-115.13983
COMMUNITY SECURITY BANK,34486,10264,"NEW PRAGUE, MN",7/23/2010,DIF,PA ,NM ,FAILURE,"95,100","100,649","18,495",New Prague,MN,Roundbank,44.543297,-93.576065
STERLING BANK,32536,10268,"LANTANA, FL",7/23/2010,DIF,PA ,SM ,FAILURE,"329,541","354,966","42,517",Lantana,FL,IBERIABANK,26.586736,-80.051986
WOODLANDS BANK,32571,10262,"BLUFFTON, SC",7/16/2010,DIF,PA ,SB ,FAILURE,"364,808","382,803","107,349",Bluffton,SC,Bank of the Ozarks,32.237147,-80.860387
TURNBERRY BANK,32280,10261,"AVENTURA, FL",7/16/2010,DIF,PA ,SB ,FAILURE,"179,169","240,250","28,658",Aventura,FL,NAFH National Bank,25.956481,-80.139212
FIRST NATIONAL BANK OF THE SOUTH,35383,10263,"SPARTANBURG, SC",7/16/2010,DIF,PA ,N ,FAILURE,"550,891","619,374","69,391",Spartanburg,SC,NAFH National Bank,34.949567,-81.932048
METRO BANK OF DADE COUNTY,25172,10259,"MIAMI, FL",7/16/2010,DIF,PA ,SM ,FAILURE,"375,522","399,441","64,179",Miami,FL,NAFH National Bank,25.76168,-80.19179
OLDE CYPRESS COMMUNITY BANK,28864,10260,"CLEWISTON, FL",7/16/2010,DIF,PA ,SB ,FAILURE,"157,997","161,355","25,533",Clewiston,FL,"CenterState Bank of Florida, N.A.",26.754231,-80.933675
"MAINSTREET SAVINGS BANK, FSB",28136,10258,"HASTINGS, MI",7/16/2010,DIF,PA ,SB ,FAILURE,"63,291","96,584","14,318",Hastings,MI,Commercial Bank,42.645868,-85.29084
BAY NATIONAL BANK,35462,10255,"BALTIMORE, MD",7/9/2010,DIF,PA ,N ,FAILURE,"212,612","217,743","21,144",Baltimore,MD,"Bay Bank, FSB",39.290385,-76.612189
USA BANK,58072,10254,"PORT CHESTER, NY",7/9/2010,DIF,PA ,NM ,FAILURE,"188,644","190,678","64,576",Port Chester,NY,New Century Bank,41.001764,-73.665683
IDEAL FEDERAL SAVINGS BANK,32456,10257,"BALTIMORE, MD",7/9/2010,DIF,PO ,SB ,FAILURE,"5,803","6,177","4,179",Baltimore,MD,No Acquirer,39.290385,-76.612189
HOME NATIONAL BANK,11636,10256,"BLACKWELL, OK",7/9/2010,DIF,PA ,N ,FAILURE,"514,038","585,445","65,822",Blackwell,OK,RCB Bank,36.804477,-97.282821
FIRST NATIONAL BANK,34152,10251,"SAVANNAH, GA",6/25/2010,DIF,PA ,N ,FAILURE,"231,857","252,520","81,375",Savannah,GA,"The Savannah Bank, N.A.",32.083541,-81.099834
HIGH DESERT STATE BANK,35279,10252,"ALBUQUERQUE, NM",6/25/2010,DIF,PA ,NM ,FAILURE,"80,985","80,343","28,487",Albuquerque,NM,First American Bank,35.085334,-106.605553
PENINSULA BANK,26563,10253,"ENGLEWOOD, FL",6/25/2010,DIF,PA ,NM ,FAILURE,"580,140","630,179","184,015",Englewood,FL,"Premier American Bank, N.A.",26.962005,-82.352595
NEVADA SECURITY BANK,57110,10250,"RENO, NV",6/18/2010,DIF,PA ,NM ,FAILURE,"479,759","492,491","73,101",Reno,NV,Umpqua Bank,39.529633,-119.813803
WASHINGTON FIRST INTERNATIONAL BANK,32955,10249,"SEATTLE, WA",6/11/2010,DIF,PA ,NM ,FAILURE,"441,362","520,887","95,372",Seattle,WA,East West Bank,47.606209,-122.332071
ARCOLA HOMESTEAD SAVINGS BANK,31813,10246,"ARCOLA, IL",6/4/2010,DIF,PO ,SB ,FAILURE,"18,092","17,028","12,429",Arcola,IL,No Acquirer,39.684755,-88.306437
FIRST NATIONAL BANK,15814,10247,"ROSEDALE, MS",6/4/2010,DIF,PA ,N ,FAILURE,"63,483","60,449","18,111",Rosedale,MS,The Jefferson Bank,33.853442,-91.027886
TIERONE BANK,29341,10248,"LINCOLN, NE",6/4/2010,DIF,PA ,SB ,FAILURE,"2,185,817","2,824,737","3,541",Lincoln,NE,Great Western Bank,40.825763,-96.685198
"GRANITE COMMUNITY BANK, NATIONAL ASSOCIATION",57315,10244,"GRANITE BAY, CA",5/28/2010,DIF,PA ,N ,FAILURE,"94,252","102,913","14,009",Granite Bay,CA,Tri Counties Bank,38.763235,-121.163836
BANK OF FLORIDA - SOUTHEAST,57360,10241,"FORT LAUDERDALE, FL",5/28/2010,DIF,PA ,NM ,FAILURE,"531,752","595,318","60,470",Fort Lauderdale,FL,EverBank,26.122439,-80.137317
BANK OF FLORIDA - SOUTHWEST,35106,10242,"NAPLES, FL",5/28/2010,DIF,PA ,NM ,FAILURE,"559,897","640,894","87,638",Naples,FL,EverBank,26.142036,-81.79481
SUN WEST BANK,34785,10245,"LAS VEGAS, NV",5/28/2010,DIF,PA ,NM ,FAILURE,"353,943","360,662","121,908",Las Vegas,NV,City National Bank,36.169941,-115.13983
BANK OF FLORIDA - TAMPA BAY,57814,10243,"TAMPA BAY, FL",5/28/2010,DIF,PA ,NM ,FAILURE,"224,024","240,513","30,582",Tampa,FL,EverBank,27.950575,-82.457178
PINEHURST BANK,57735,10240,"ST. PAUL, MN",5/21/2010,DIF,PA ,NM ,FAILURE,"58,288","61,215","8,410",Saint Paul,MN,Coulee Bank,44.953703,-93.089958
SATILLA COMMUNITY BANK,35114,10238,"SAINT MARYS, GA",5/14/2010,DIF,PA ,NM ,FAILURE,"134,005","135,688","38,326",Saint Marys,GA,Ameris Bank,30.747895,-81.570611
SOUTHWEST COMMUNITY BANK,34255,10239,"SPRINGFIELD, MO",5/14/2010,DIF,PA ,NM ,FAILURE,"102,463","100,659","25,580",Springfield,MO,Simmons First National Bank,37.208957,-93.292299
NEW LIBERTY BANK,35586,10237,"PLYMOUTH, MI",5/14/2010,DIF,PA ,NM ,FAILURE,"101,884","111,239","24,639",Plymouth,MI,Bank of Ann Arbor,42.371425,-83.470213
MIDWEST BANK AND TRUST COMPANY,18117,10236,"ELMWOOD PARK, IL",5/14/2010,DIF,PA ,SM ,FAILURE,"2,420,738","3,172,915",0,Elmwood Park,IL,"FirstMerit Bank, N.A.",41.921142,-87.809227
ACCESS BANK,16476,10233,"CHAMPLIN, MN",5/7/2010,DIF,PA ,NM ,FAILURE,"31,969","31,996","7,916",Champlin,MN,PrinsBank,45.188854,-93.397454
THE BANK OF BONIFAY,14246,10234,"BONIFAY, FL",5/7/2010,DIF,PA ,NM ,FAILURE,"230,190","242,871","65,819",Bonifay,FL,First Federal Bank of Florida,30.791856,-85.679653
TOWNE BANK OF ARIZONA,57697,10235,"MESA, AZ",5/7/2010,DIF,PA ,NM ,FAILURE,"113,243","120,246","44,832",Mesa,AZ,Commerce Bank of Arizona,33.415184,-111.831472
1ST PACIFIC BANK OF CALIFORNIA,35517,10232,"SAN DIEGO, CA",5/7/2010,DIF,PA ,SM ,FAILURE,"291,173","335,798","11,105",San Diego,CA,City National Bank,32.715738,-117.161084
CHAMPION BANK,58362,10227,"CREVE COEUR, MO",4/30/2010,DIF,PA ,NM ,FAILURE,"153,763","195,510","57,091",Creve Coeur,MO,BankLiberty,38.660885,-90.422618
BC NATIONAL BANKS,17792,10225,"BUTLER, MO",4/30/2010,DIF,PA ,N ,FAILURE,"43,635","52,204","9,220",Butler,MO,Community First Bank,38.258635,-94.330506
FRONTIER BANK,22710,10228,"EVERETT, WA",4/30/2010,DIF,PA ,NM ,FAILURE,"2,846,886","3,250,734","493,825",Everett,WA,"Union Bank, N.A.",47.978985,-122.202079
CF BANCORP,30005,10226,"PORT HURON, MI",4/30/2010,DIF,PA ,SB ,FAILURE,"1,418,445","1,599,122","387,116",Port Huron,MI,First Michigan Bank,42.970863,-82.424914
BROADWAY BANK,22853,10219,"CHICAGO, IL",4/23/2010,DIF,PA ,NM ,FAILURE,"1,113,959","1,059,194","388,523",Chicago,IL,"MB Financial Bank, N.A.",41.878114,-87.629798
PEOTONE BANK AND TRUST COMPANY,10888,10223,"PEOTONE, IL",4/23/2010,DIF,PA ,NM ,FAILURE,"124,676","130,165","47,013",Peotone,IL,First Midwest Bank,41.332255,-87.785322
WHEATLAND BANK,58429,10224,"NAPERVILLE, IL",4/23/2010,DIF,PA ,NM ,FAILURE,"438,502","441,694","194,729",Naperville,IL,Wheaton Bank & Trust,41.750839,-88.153535
NEW CENTURY BANK,34821,10222,"CHICAGO, IL",4/23/2010,DIF,PA ,NM ,FAILURE,"492,046","447,239","133,865",Chicago,IL,"MB Financial Bank, N.A.",41.878114,-87.629798
CITIZENS BANK & TRUST COMPANY OF CHICAGO,34658,10220,"CHICAGO, IL",4/23/2010,DIF,PA ,NM ,FAILURE,"74,519","73,490","43,162",Chicago,IL,Republic Bank of Chicago,41.878114,-87.629798
LINCOLN PARK SAVINGS BANK,30600,10221,"CHICAGO, IL",4/23/2010,DIF,PA ,SB ,FAILURE,"162,627","194,618","41,436",Chicago,IL,Northbrook Bank & Trust Company,41.878114,-87.629798
"AMCORE BANK, NATIONAL ASSOCIATION",3735,10218,"ROCKFORD, IL",4/23/2010,DIF,PA ,N ,FAILURE,"3,421,194","3,066,240","32,944",Rockford,IL,Harris N.A.,42.271131,-89.093995
LAKESIDE COMMUNITY BANK,34878,10215,"STERLING HEIGHTS, MI",4/16/2010,DIF,PO ,NM ,FAILURE,"52,290","49,173","22,143",Sterling Heights,MI,No Acquirer,42.580312,-83.030203
AMERICANFIRST BANK,57724,10210,"CLERMONT, FL",4/16/2010,DIF,PA ,NM ,FAILURE,"81,887","104,034","17,047",Clermont,FL,"TD Bank, N.A.",28.549445,-81.772854
TAMALPAIS BANK,33493,10217,"SAN RAFAEL, CA",4/16/2010,DIF,PA ,NM ,FAILURE,"487,582","611,504",0,San Rafael,CA,"Union Bank, N.A.",37.973535,-122.531087
INNOVATIVE BANK,23876,10214,"OAKLAND, CA",4/16/2010,DIF,PA ,NM ,FAILURE,"225,241","266,816","23,842",Oakland,CA,Center Bank,37.804364,-122.271114
RIVERSIDE NATIONAL BANK OF FLORIDA,24067,10216,"FORT PIERCE, FL",4/16/2010,DIF,PA ,N ,FAILURE,"2,724,623","3,393,818","24,072",Fort Pierce,FL,"TD Bank, N.A.",27.446706,-80.325606
CITY BANK,21521,10212,"LYNNWOOD, WA",4/16/2010,DIF,PA ,NM ,FAILURE,"1,020,494","981,913","158,723",Lynnwood,WA,Whidbey Island Bank,47.82093,-122.315131
BUTLER BANK,26619,10211,"LOWELL, MA",4/16/2010,DIF,PA ,SB ,FAILURE,"233,222","245,534","20,560",Lowell,MA,People's United Bank,42.633425,-71.316172
FIRST FEDERAL BANK OF NORTH FLORIDA,28886,10213,"PALATKA, FL",4/16/2010,DIF,PA ,SB ,FAILURE,"324,198","440,122","18,490",Palatka,FL,"TD Bank, N.A.",29.64858,-81.637582
BEACH FIRST NATIONAL BANK,34242,10209,"MYRTLE BEACH, SC",4/9/2010,DIF,PA ,N ,FAILURE,"516,026","590,024","164,718",Myrtle Beach,SC,Bank of North Carolina,33.68906,-78.886694
DESERT HILLS BANK,57060,10205,"PHOENIX, AZ",3/26/2010,DIF,PA ,NM ,FAILURE,"426,473","496,552","114,695",Phoenix,AZ,New York Community Bank,33.448377,-112.074037
MCINTOSH COMMERCIAL BANK,57399,10207,"CARROLLTON, GA",3/26/2010,DIF,PA ,NM ,FAILURE,"343,339","363,405","164,026",Carrollton,GA,CharterBank,33.58011,-85.076611
UNITY NATIONAL BANK,34678,10208,"CARTERSVILLE, GA",3/26/2010,DIF,PA ,N ,FAILURE,"264,286","300,590","73,589",Cartersville,GA,Bank of the Ozarks,34.165097,-84.799938
KEY WEST BANK,34684,10206,"KEY WEST, FL",3/26/2010,DIF,PA ,SB ,FAILURE,"67,662","88,031","16,215",Key West,FL,Centennial Bank,24.555059,-81.779987
CENTURY SECURITY BANK,58104,10198,"DULUTH, GA",3/19/2010,DIF,PA ,NM ,FAILURE,"93,967","96,535","38,460",Duluth,GA,Bank of Upson,34.002879,-84.144638
ADVANTA BANK CORP.,33535,10200,"DRAPER, UT",3/19/2010,DIF,PO ,NM ,FAILURE,"1,519,471","1,525,931","536,964",Draper,UT,No Acquirer,40.524671,-111.863823
FIRST LOWNDES BANK,24957,10204,"FORT DEPOSIT, AL",3/19/2010,DIF,PA ,NM ,FAILURE,"131,117","137,175","13,105",Fort Deposit,AL,First Citizens Bank,31.984593,-86.578586
APPALACHIAN COMMUNITY BANK,33989,10199,"ELLIJAY, GA",3/19/2010,DIF,PA ,NM ,FAILURE,"917,575","1,010,075","458,266",Ellijay,GA,Community & Southern Bank,34.694808,-84.48215
AMERICAN NATIONAL BANK,18806,10201,"PARMA, OH",3/19/2010,DIF,PA ,N ,FAILURE,"66,752","70,318","14,960",Parma,OH,The National Bank and Trust Company,41.404774,-81.722909
BANK OF HIAWASSEE,10054,10202,"HIAWASSEE, GA",3/19/2010,DIF,PA ,NM ,FAILURE,"339,597","377,779","108,749",Hiawassee,GA,Citizens South Bank,34.949259,-83.757395
STATE BANK OF AURORA,8221,10203,"AURORA, MN",3/19/2010,DIF,PA ,NM ,FAILURE,"27,801","28,159","7,026",Aurora,MN,Northern State Bank,47.529925,-92.237121
THE PARK AVENUE BANK,27096,10195,"NEW YORK, NY",3/12/2010,DIF,PA ,NM ,FAILURE,"494,505","520,146","79,227",New York,NY,Valley National Bank,40.712775,-74.005973
STATEWIDE BANK,29561,10196,"COVINGTON, LA",3/12/2010,DIF,PA ,NM ,FAILURE,"207,821","243,215","29,048",Covington,LA,Home Bank,30.47547,-90.100911
OLD SOUTHERN BANK,58182,10197,"ORLANDO, FL",3/12/2010,DIF,PA ,SM ,FAILURE,"319,746","336,390","76,505",Orlando,FL,Centennial Bank,28.538335,-81.379236
LIBERTYPOINTE BANK,58071,10194,"NEW YORK, NY",3/11/2010,DIF,PA ,NM ,FAILURE,"209,477","216,500","19,702",New York,NY,Valley National Bank,40.712775,-74.005973
WATERFIELD BANK,34976,10190,"GERMANTOWN, MD",3/5/2010,DIF,PO ,SB ,FAILURE,"156,188","155,566","18,540",Germantown,MD,No Acquirer,39.173162,-77.27165
CENTENNIAL BANK,34430,10193,"OGDEN, UT",3/5/2010,DIF,PO ,NM ,FAILURE,"205,076","212,839","73,494",Ogden,UT,No Acquirer,41.223000,-111.973830
SUN AMERICAN BANK,27126,10192,"BOCA RATON, FL",3/5/2010,DIF,PA ,SM ,FAILURE,"443,481","535,724","123,050",Boca Raton,FL,First-Citizens Bank & Trust Company,26.368306,-80.128932
BANK OF ILLINOIS,9268,10191,"NORMAL, IL",3/5/2010,DIF,PA ,SM ,FAILURE,"198,487","211,711","21,692",Normal,IL,Heartland Bank and Trust Company,40.514203,-88.990631
RAINIER PACIFIC BANK,38129,10189,"TACOMA, WA",2/26/2010,DIF,PA ,SB ,FAILURE,"446,192","717,806","7,640",Tacoma,WA,Umpqua Bank,47.252877,-122.444291
CARSON RIVER COMMUNITY BANK,58352,10188,"CARSON CITY, NV",2/26/2010,DIF,PA ,NM ,FAILURE,"50,024","51,095","15,090",Carson City,NV,Heritage Bank of Nevada,39.163798,-119.767403
MARCO COMMUNITY BANK,57586,10187,"MARCO ISLAND, FL",2/19/2010,DIF,PA ,SM ,FAILURE,"117,097","119,578","25,416",Marco Island,FL,Mutual of Omaha Bank,25.939741,-81.707536
"LA JOLLA BANK, FSB",32423,10185,"LA JOLLA, CA",2/19/2010,DIF,PA ,SB ,FAILURE,"2,799,362","3,646,071","580,999",La Jolla,CA,"OneWest Bank, FSB",32.832811,-117.271272
THE LA COSTE NATIONAL BANK,3287,10186,"LA COSTE, TX",2/19/2010,DIF,PA ,N ,FAILURE,"49,275","53,936","5,709",La Coste,TX,Community National Bank,29.309388,-98.811471
GEORGE WASHINGTON SAVINGS BANK,29952,10184,"ORLAND PARK, IL",2/19/2010,DIF,PA ,SB ,FAILURE,"395,310","413,673","134,106",Orland Park,IL,"FirstMerit Bank, N.A.",41.630310,-87.853943
1ST AMERICAN STATE BANK OF MINNESOTA,15448,10183,"HANCOCK, MN",2/5/2010,DIF,PA ,NM ,FAILURE,"16,327","18,155","4,521",Hancock,MN,"Community Development Bank, FSB",45.496667,-95.796667
FIRST NATIONAL BANK OF GEORGIA,16480,10179,"CARROLLTON, GA",1/29/2010,DIF,PA ,N ,FAILURE,"780,196","840,633","204,225",Carrollton,GA,Community & Southern Bank,33.58011,-85.076611
AMERICAN MARINE BANK,16730,10178,"BAINBRIDGE ISLAND, WA",1/29/2010,DIF,PA ,NM ,FAILURE,"287,443","329,246","29,843",Bainbridge Island,WA,Columbia State Bank,47.624879,-122.521001
"MARSHALL BANK, NATIONAL ASSOCIATION",16133,10182,"HALLOCK, MN",1/29/2010,DIF,PA ,N ,FAILURE,"55,662","58,566","1,301",Hallock,MN,United Valley Bank,48.774426,-96.946447
FIRST REGIONAL BANK,23011,10177,"LOS ANGELES, CA",1/29/2010,DIF,PA ,NM ,FAILURE,"1,664,450","2,082,684","250,420",Los Angeles,CA,First-Citizens Bank & Trust Company,34.052234,-118.243685
FLORIDA COMMUNITY BANK,5672,10181,"IMMOKALEE, FL",1/29/2010,DIF,PA ,NM ,FAILURE,"776,556","835,701","310,983",Immokalee,FL,"Premier American Bank, N.A.",26.418525,-81.417406
COMMUNITY BANK & TRUST,5702,10180,"CORNELIA, GA",1/29/2010,DIF,PA ,NM ,FAILURE,"1,067,957","1,181,717","480,464",Cornelia,GA,SCBT National Association,34.511488,-83.527117
BANK OF LEETON,8265,10174,"LEETON, MO",1/22/2010,DIF,PA ,NM ,FAILURE,"20,335","20,128","7,584",Leeton,MO,"Sunflower Bank, N.A.",38.583072,-93.694658
COLUMBIA RIVER BANK,22469,10176,"THE DALLES, OR",1/22/2010,DIF,PA ,NM ,FAILURE,"908,132","955,112","56,790",The Dalles,OR,Columbia State Bank,45.594564,-121.178682
EVERGREEN BANK,20501,10172,"SEATTLE, WA",1/22/2010,DIF,PA ,NM ,FAILURE,"340,378","395,980","48,171",Seattle,WA,Umpqua Bank,47.606209,-122.332071
PREMIER AMERICAN BANK,57147,10173,"MIAMI, FL",1/22/2010,DIF,PA ,NM ,FAILURE,"285,554","299,225","84,454",Miami,FL,"Premier American Bank, N.A.",25.76168,-80.19179
CHARTER BANK,32498,10175,"SANTA FE, NM",1/22/2010,DIF,PA ,SB ,FAILURE,"859,933","1,201,922","130,456",Santa Fe,NM,Charter Bank,35.686975,-105.937799
TOWN COMMUNITY BANK AND TRUST,34705,10170,"ANTIOCH, IL",1/15/2010,DIF,PA ,NM ,FAILURE,"68,323","70,758","24,022",Antioch,IL,First American Bank,42.477242,-88.09564
ST. STEPHEN STATE BANK,17522,10169,"ST. STEPHEN, MN",1/15/2010,DIF,PA ,NM ,FAILURE,"23,912","22,895","7,707",St. Stephen,MN,First State Bank of St. Joseph,45.702743,-94.27444
BARNES BANKING COMPANY,1252,10171,"KAYSVILLE, UT",1/15/2010,DIF,PO ,SM ,FAILURE,"697,109","709,171","112,608",Kaysville,UT,No Acquirer,41.035222,-111.938552
HORIZON BANK,22977,10168,"BELLINGHAM, WA",1/8/2010,DIF,PA ,NM ,FAILURE,"1,049,063","1,188,956","219,693",Bellingham,WA,Washington Federal Savings and Loan Association,48.751911,-122.478685
CITIZENS STATE BANK,1006,10162,"NEW BALTIMORE, MI",12/18/2009,DIF,PO ,NM ,FAILURE,"157,149","168,551","71,422",New Baltimore,MI,No Acquirer,42.681144,-82.736862
ROCKBRIDGE COMMERCIAL BANK,58315,10164,"ATLANTA, GA",12/18/2009,DIF,PO ,NM ,FAILURE,"291,707","294,024","100,436",Atlanta,GA,No Acquirer,33.748995,-84.387982
INDEPENDENT BANKERS' BANK,26820,10166,"SPRINGFIELD, IL",12/18/2009,DIF,PI*,SM ,FAILURE,"511,473","585,508",0,Springfield,IL,The Independent BankersBank (TIB),39.781721,-89.650148
"FIRST FEDERAL BANK OF CALIFORNIA,  A FEDERAL SAVINGS BANK",28536,10167,"SANTA MONICA, CA",12/18/2009,DIF,PA ,SB ,FAILURE,"4,538,607","6,143,903",0,Santa Monica,CA,"OneWest Bank, FSB",34.019454,-118.491191
PEOPLES FIRST COMMUNITY BANK,32167,10165,"PANAMA CITY, FL",12/18/2009,DIF,PA ,SB ,FAILURE,"1,684,443","1,795,420","619,102",Panama City,FL,Hancock Bank,30.158813,-85.660206
NEW SOUTH FEDERAL SAVINGS BANK,32276,10163,"IRONDALE, AL",12/18/2009,DIF,PA ,SB ,FAILURE,"1,163,916","1,464,127","302,103",Irondale,AL,Beal Bank,33.53816,-86.70721
IMPERIAL CAPITAL BANK,26348,10161,"LA JOLLA, CA",12/18/2009,DIF,PA ,NM ,FAILURE,"2,822,300","4,046,888","297,096",La Jolla,CA,City National Bank,32.832811,-117.271272
"REPUBLIC FEDERAL BANK, N.A.",22846,10158,"MIAMI, FL",12/11/2009,DIF,PA ,N ,FAILURE,"352,695","433,011","85,288",Miami,FL,1st United Bank,25.76168,-80.19179
"VALLEY CAPITAL BANK, N.A.",58399,10159,"MESA, AZ",12/11/2009,DIF,PA ,N ,FAILURE,"41,312","40,270","15,047",Mesa,AZ,Enterprise Bank & Trust,33.415184,-111.831472
SOLUTIONSBANK,4731,10160,"OVERLAND PARK, KS",12/11/2009,DIF,PA ,SM ,FAILURE,"421,271","511,103","93,578",Overland Park,KS,Arvest Bank,38.982228,-94.670792
THE BUCKHEAD COMMUNITY BANK,34663,10152,"ATLANTA, GA",12/4/2009,DIF,PA ,NM ,FAILURE,"813,668","856,236","315,797",Atlanta,GA,State Bank and Trust Company,33.748995,-84.387982
GREATER ATLANTIC BANK,32583,10156,"RESTON, VA",12/4/2009,DIF,PA ,SB ,FAILURE,"179,248","203,262","30,361",Reston,VA,Sonabank,38.958631,-77.357003
AMTRUST BANK,29776,10155,"CLEVELAND, OH",12/4/2009,DIF,PA ,SB ,FAILURE,"8,558,609","11,438,990","2,010,998",Cleveland,OH,New York Community Bank,41.499320,-81.694361
BENCHMARK BANK,10440,10154,"AURORA, IL",12/4/2009,DIF,PA ,NM ,FAILURE,"182,760","173,062","79,321",Aurora,IL,"MB Financial Bank, N.A.",41.760585,-88.320072
FIRST SECURITY NATIONAL BANK,26290,10157,"NORCROSS, GA",12/4/2009,DIF,PA ,N ,FAILURE,"121,645","127,455","34,282",Norcross,GA,State Bank and Trust Company,33.941213,-84.213531
THE TATNALL BANK,12080,10153,"REIDSVILLE, GA",12/4/2009,DIF,PA ,NM ,FAILURE,"47,100","49,612","14,705",Reidsville,GA,Heritage Bank of the South,32.086861,-82.117898
COMMERCE BANK OF SOUTHWEST FLORIDA,58016,10151,"FORT MYERS, FL",11/20/2009,DIF,PA ,NM ,FAILURE,"72,821","70,997","32,663",Fort Myers,FL,Central Bank,26.640628,-81.872308
PACIFIC COAST NATIONAL BANK,57914,10150,"SAN CLEMENTE, CA",11/13/2009,DIF,PA ,N ,FAILURE,"128,867","131,418","33,518",San Clemente,CA,Sunwest Bank,33.427352,-117.6126
"CENTURY BANK, A FEDERAL SAVINGS BANK",32267,10148,"SARASOTA, FL",11/13/2009,DIF,PA ,SB ,FAILURE,"659,742","755,923","307,848",Sarasota,FL,IBERIABANK,27.336435,-82.530653
ORION BANK,22427,10149,"NAPLES, FL",11/13/2009,DIF,PA ,SM ,FAILURE,"2,169,446","2,612,515","723,577",Naples,FL,IBERIABANK,26.142036,-81.79481
UNITED SECURITY BANK,22286,10145,"SPARTA, GA",11/6/2009,DIF,PA ,NM ,FAILURE,"149,616","153,639","62,455",Sparta,GA,Ameris Bank,33.275701,-82.976259
GATEWAY BANK OF ST LOUIS,19450,10146,"ST LOUIS, MO",11/6/2009,DIF,PA ,NM ,FAILURE,"27,534","26,882","11,648",St. Louis,MO,Central Bank of Kansas City,38.627003,-90.199404
UNITED COMMERCIAL BANK,32469,10147,"SAN FRANCISCO, CA",11/6/2009,DIF,PA ,NM ,FAILURE,"7,653,666","10,895,336","637,948",San Francisco,CA,East West Bank,37.774929,-122.419416
HOME FEDERAL SAVINGS BANK,30329,10144,"DETROIT, MI",11/6/2009,DIF,PA ,SB ,FAILURE,"12,730","12,994","8,501",Detroit,MI,Liberty Bank and Trust Company,42.331427,-83.045754
PROSPERAN BANK,35074,10143,"OAKDALE, MN",11/6/2009,DIF,PA ,NM ,FAILURE,"182,794","197,442","34,702",Oakdale,MN,"Alerus Financial, N.A.",44.963022,-92.964936
COMMUNITY BANK OF LEMONT,35291,10137,"LEMONT, IL",10/30/2009,DIF,PA ,NM ,FAILURE,"80,688","81,843","26,196",Lemont,IL,U.S. Bank N.A.,41.673642,-88.001726
CALIFORNIA NATIONAL BANK,34659,10134,"LOS ANGELES, CA",10/30/2009,DIF,PA ,N ,FAILURE,"6,145,207","7,781,100","384,319",Los Angeles,CA,U.S. Bank N.A.,34.052234,-118.243685
MADISONVILLE STATE BANK,33782,10142,"MADISONVILLE, TX",10/30/2009,DIF,PA ,NM ,FAILURE,"224,653","256,330",820,Madisonville,TX,U.S. Bank N.A.,30.949911,-95.911619
PACIFIC NATIONAL BANK,30006,10139,"SAN FRANCISCO, CA",10/30/2009,DIF,PA ,N ,FAILURE,"1,757,986","2,319,263","94,163",San Francisco,CA,U.S. Bank N.A.,37.774929,-122.419416
"BANK USA, NA",32218,10136,"PHOENIX, AZ",10/30/2009,DIF,PA ,N ,FAILURE,"170,685","213,205","14,994",Phoenix,AZ,U.S. Bank N.A.,33.448377,-112.074037
NORTH HOUSTON BANK,18776,10138,"HOUSTON, TX",10/30/2009,DIF,PA ,NM ,FAILURE,"307,166","325,474","22,147",Houston,TX,U.S. Bank N.A.,29.760427,-95.369803
PARK NATIONAL BANK,11677,10140,"CHICAGO, IL",10/30/2009,DIF,PA ,N ,FAILURE,"3,716,626","4,680,881","118,067",Chicago,IL,U.S. Bank N.A.,41.878114,-87.629798
SAN DIEGO NATIONAL BANK,23594,10135,"SAN DIEGO, CA",10/30/2009,DIF,PA ,N ,FAILURE,"2,891,576","3,594,544","92,094",San Diego,CA,U.S. Bank N.A.,32.715738,-117.161084
CITIZENS NATIONAL BANK,25222,10141,"TEAGUE, TX",10/30/2009,DIF,PA ,N ,FAILURE,"97,590","118,236","8,517",Teague,TX,U.S. Bank N.A.,31.627115,-96.283862
BANK OF ELMWOOD,18321,10132,"RACINE, WI",10/23/2009,DIF,PA ,SM ,FAILURE,"272,782","327,444","99,463",Racine,WI,Tri City National Bank,42.726131,-87.782852
FLAGSHIP NATIONAL BANK,35044,10129,"BRADENTON, FL",10/23/2009,DIF,PA ,N ,FAILURE,"170,118","177,563","62,112",Bradenton,FL,First Federal Bank of Florida,27.498928,-82.574819
PARTNERS BANK,57959,10130,"NAPLES, FL",10/23/2009,DIF,PA ,SB ,FAILURE,"64,798","65,498","31,809",Naples,FL,Stonegate Bank,26.142036,-81.79481
HILLCREST BANK FLORIDA,58336,10131,"NAPLES, FL",10/23/2009,DIF,PA ,NM ,FAILURE,"83,254","82,774","43,715",Naples,FL,Stonegate Bank,26.142036,-81.79481
RIVERVIEW COMMUNITY BANK,57525,10133,"OSTEGO, MN",10/23/2009,DIF,PA ,NM ,FAILURE,"75,012","99,057","23,983",Otsego,MN,Central Bank,45.274131,-93.591350
AMERICAN UNITED BANK,57794,10127,"LAWRENCEVILLE, GA",10/23/2009,DIF,PA ,NM ,FAILURE,"102,386","110,094","44,097",Lawrenceville,GA,Ameris Bank,33.956215,-83.987962
FIRST DUPAGE BANK,35038,10128,"WESTMONT, IL",10/23/2009,DIF,PA ,NM ,FAILURE,"253,992","262,093","86,947",Westmont,IL,First Midwest Bank,41.795864,-87.975617
SAN JOAQUIN BANK,23266,10126,"BAKERSFIELD, CA",10/16/2009,DIF,PA ,SM ,FAILURE,"626,359","766,359","81,106",Bakersfield,CA,Citizens Business Bank,35.373292,-119.018712
JENNINGS STATE BANK,11416,10124,"SPRING GROVE, MN",10/2/2009,DIF,PA ,NM ,FAILURE,"50,801","52,347","19,113",Spring Grove,MN,Central Bank,43.56108,-91.635979
SOUTHERN COLORADO NATIONAL BANK,57263,10123,"PUEBLO, CO",10/2/2009,DIF,PA ,N ,FAILURE,"29,568","37,142","8,323",Pueblo,CO,Legacy Bank,38.254447,-104.609141
WARREN BANK,34824,10125,"WARREN, MI",10/2/2009,DIF,PA ,SM ,FAILURE,"467,767","504,816","224,417",Warren,MI,The Huntington National Bank,42.514457,-83.014653
GEORGIAN BANK,57151,10122,"ATLANTA, GA",9/25/2009,DIF,PA ,NM ,FAILURE,"1,960,123","2,230,230","964,821",Atlanta,GA,"First Citizens Bank and Trust Company, Inc.",33.748995,-84.387982
IRWIN UNION BANK AND TRUST COMPANY,10100,10120,"COLUMBUS, IN",9/18/2009,DIF,PA ,SM ,FAILURE,"2,254,025","2,839,747","765,284",Columbus,IN,"First Financial Bank, N.A.",39.20144,-85.92138
"IRWIN UNION BANK, FSB",57068,10121,"LOUISVILLE, KY",9/18/2009,DIF,PA ,SB ,FAILURE,"462,611","518,151","117,339",Louisville,KY,"First Financial Bank, N.A.",38.252665,-85.758456
"CORUS BANK, N.A.",13693,10117,"CHICAGO, IL",9/11/2009,DIF,PA ,N ,FAILURE,"7,060,693","7,003,321","32,205",Chicago,IL,"MB Financial Bank, N.A.",41.878114,-87.629798
VENTURE BANK,22868,10119,"LACEY, WA",9/11/2009,DIF,PA ,NM ,FAILURE,"917,729","968,385","214,758",Lacey,WA,First-Citizens Bank & Trust Company,47.034263,-122.823192
BRICKWELL COMMUNITY BANK,57736,10118,"WOODBURY, MN",9/11/2009,DIF,PA ,NM ,FAILURE,"64,981","72,576","24,597",Woodbury,MN,CorTrust Bank N.A.,44.923855,-92.95938
PLATINUM COMMUNITY BANK,35030,10115,"ROLLING MEADOWS, IL",9/4/2009,DIF,PO ,SB ,FAILURE,"110,186","147,961",95,Rolling Meadows,IL,No Acquirer,42.084194,-88.013127
FIRST STATE BANK,34875,10114,"FLAGSTAFF, AZ",9/4/2009,DIF,PA ,NM ,FAILURE,"95,734","107,235","49,833",Flagstaff,AZ,Sunwest Bank,35.198284,-111.651302
VANTUS BANK,27732,10116,"SIOUX CITY, IA",9/4/2009,DIF,PA ,SB ,FAILURE,"394,369","503,643","103,196",Sioux City,IA,Great Southern Bank,42.499994,-96.400307
FIRST BANK OF KANSAS CITY,25231,10112,"KANSAS CITY, MO",9/4/2009,DIF,PA ,NM ,FAILURE,"14,479","15,723","7,548",Kansas City,MO,Great American Bank,39.099727,-94.578567
INBANK,20203,10113,"OAK FOREST, IL",9/4/2009,DIF,PA ,NM ,FAILURE,"209,211","209,848","56,911",Oak Forest,IL,"MB Financial Bank, N.A.",41.602812,-87.743938
BRADFORD BANK,28312,10109,"BALTIMORE, MD",8/28/2009,DIF,PA ,SB ,FAILURE,"382,159","451,888","51,313",Baltimore,MD,Manufacturers and Traders Trust Company (M&T Bank),39.290385,-76.612189
AFFINITY BANK,27197,10110,"VENTURA, CA",8/28/2009,DIF,PA ,NM ,FAILURE,"905,593","1,211,431","234,872",Ventura,CA,Pacific Western Bank,34.274646,-119.229032
MAINSTREET BANK,1909,10111,"FOREST LAKE, MN",8/28/2009,DIF,PA ,NM ,FAILURE,"432,818","458,533","90,677",Forest Lake,MN,Central Bank,45.278856,-92.985218
GUARANTY BANK,32618,10105,"AUSTIN, TX",8/21/2009,DIF,PA ,SB ,FAILURE,"11,984,112","13,464,352",0,Austin,TX,BBVA Compass,30.267153,-97.743061
EBANK,34682,10107,"ATLANTA, GA",8/21/2009,DIF,PA ,SB ,FAILURE,"131,510","144,688","51,661",Atlanta,GA,"Stearns Bank, N.A.",33.748995,-84.387982
FIRST COWETA,57702,10108,"NEWNAN, GA",8/21/2009,DIF,PA ,NM ,FAILURE,"154,903","163,755","66,684",Newnan,GA,United Bank,33.380672,-84.799657
CAPITALSOUTH BANK,22130,10106,"BIRMINGHAM, AL",8/21/2009,DIF,PA ,SM ,FAILURE,"539,422","586,586","126,753",Birmingham,AL,IBERIABANK,33.520661,-86.80249
COMMUNITY BANK OF ARIZONA,57645,10101,"PHOENIX, AZ",8/14/2009,DIF,PA ,NM ,FAILURE,"143,834","158,517","27,723",Phoenix,AZ,MidFirst Bank,33.448377,-112.074037
COMMUNITY BANK OF NEVADA,34043,10100,"LAS VEGAS, NV",8/14/2009,DIF,PO ,SM ,FAILURE,"1,372,744","1,397,798","565,531",Las Vegas,NV,No Acquirer,36.169941,-115.13983
"UNION BANK, NATIONAL ASSOCIATION",34485,10102,"GILBERT, AZ",8/14/2009,DIF,PA ,N ,FAILURE,"110,362","119,529","53,565",Gilbert,AZ,MidFirst Bank,33.352826,-111.789027
DWELLING HOUSE SAVINGS AND LOAN,31559,10104,"PITTSBURGH, PA",8/14/2009,DIF,PA ,SB ,FAILURE,"12,984","12,947","9,140",Pittsburgh,PA,"PNC Bank, N.A.",40.440625,-79.995886
COLONIAL BANK,9609,10103,"MONTGOMERY, AL",8/14/2009,DIF,PA ,NM ,FAILURE,"20,072,099","25,455,112","2,983,542",Montgomery,AL,"Branch Banking & Trust Company, (BB&T)",32.366805,-86.299969
FIRST STATE BANK,27364,10098,"SARASOTA, FL",8/7/2009,DIF,PA ,NM ,FAILURE,"394,701","447,667","121,899",Sarasota,FL,"Stearns Bank, N.A.",27.336435,-82.530653
COMMUNITY NATIONAL BANK OF SARASOTA COUNTY,27183,10099,"VENICE, FL",8/7/2009,DIF,PA ,N ,FAILURE,"92,352","92,528","25,976",Venice,FL,"Stearns Bank, N.A.",27.099777,-82.454263
COMMUNITY FIRST BANK,23268,10092,"PRINEVILLE, OR",8/7/2009,DIF,PA ,SM ,FAILURE,"180,691","199,508","74,175",Prineville,OR,Home Federal Bank,44.299849,-120.834466
FIRST STATE BANK OF ALTUS,9873,10093,"ALTUS, OK",7/31/2009,DIF,PA ,NM ,FAILURE,"98,161","90,867","27,184",Altus,OK,Herring Bank,34.637765,-99.334044
MUTUAL BANK,18659,10094,"HARVEY, IL",7/31/2009,DIF,PA ,NM ,FAILURE,"1,546,525","1,595,657","797,140",Harvey,IL,United Central Bank,41.610034,-87.646713
PEOPLES COMMUNITY BANK,32288,10096,"WEST CHESTER, OH",7/31/2009,DIF,PA ,SB ,FAILURE,"538,787","606,153","66,587",West Chester,OH,"First Financial Bank, N.A.",39.332126,-84.417267
FIRST BANKAMERICANO,34270,10097,"ELIZABTH, NJ",7/31/2009,DIF,PA ,NM ,FAILURE,"155,463","163,372","18,783",Elizabeth,NJ,Crown Bank,40.663992,-74.210701
INTEGRITY BANK,57604,10095,"JUPITER, FL",7/31/2009,DIF,PA ,NM ,FAILURE,"98,511","105,298","37,239",Jupiter,FL,Stonegate Bank,26.934225,-80.094209
WATERFORD VILLAGE BANK,58065,10091,"WILLIAMSVILLE, NY",7/24/2009,DIF,PA ,NM ,FAILURE,"56,145","55,707","7,875",Williamsville,NY,"Evans Bank, N.A.",42.963947,-78.737809
SECURITY BANK OF NORTH METRO,57105,10090,"WOODSTOCK, GA",7/24/2009,DIF,PA ,NM ,FAILURE,"182,413","184,184","102,031",Woodstock,GA,State Bank and Trust Company,34.101487,-84.519375
SECURITY BANK OF GWINNETT COUNTY,57346,10086,"SUWANNEE, GA",7/24/2009,DIF,PA ,NM ,FAILURE,"256,578","259,182","193,519",Suwanee,GA,State Bank and Trust Company,34.051490,-84.071300
SECURITY BANK OF NORTH FULTON,57430,10089,"ALPHARETTA, GA",7/24/2009,DIF,PA ,NM ,FAILURE,"179,523","190,564","49,000",Alpharetta,GA,State Bank and Trust Company,34.075376,-84.29409
SECURITY BANK OF BIBB COUNTY,27367,10085,"MACON, GA",7/24/2009,DIF,PA ,NM ,FAILURE,"831,437","943,744","415,485",Macon,GA,State Bank and Trust Company,32.840695,-83.632402
SECURITY BANK OF HOUSTON COUNTY,27048,10087,"PERRY, GA",7/24/2009,DIF,PA ,NM ,FAILURE,"313,155","371,624","50,980",Perry,GA,State Bank and Trust Company,32.458207,-83.731572
SECURITY BANK OF JONES COUNTY,8486,10088,"GRAY, GA",7/24/2009,DIF,PA ,NM ,FAILURE,"375,238","432,712","98,201",Gray,GA,State Bank and Trust Company,33.00958,-83.533782
TEMECULA VALLEY BANK,34341,10082,"TEMECULA, CA",7/17/2009,DIF,PA ,NM ,FAILURE,"1,276,287","1,396,622","227,400",Temecula,CA,First-Citizens Bank & Trust Company,33.493639,-117.148365
BANKFIRST,34103,10081,"SIOUX FALLS, SD",7/17/2009,DIF,PA ,SM ,FAILURE,"232,203","210,844","112,171",Sioux Falls,SD,"Alerus Financial, N.A.",43.544596,-96.731103
FIRST PIEDMONT BANK,34594,10084,"WINDER, GA",7/17/2009,DIF,PA ,NM ,FAILURE,"108,499","114,113","37,998",Winder,GA,First American Bank and Trust Company,33.99261,-83.720171
"VINEYARD BANK, NATIONAL ASSOCIATION",23556,10083,"RANCHO CUCAMONGA, CA",7/17/2009,DIF,PA ,N ,FAILURE,"1,526,186","1,638,378","288,613",Rancho Cucamonga,CA,California Bank & Trust,34.106399,-117.593108
BANK OF WYOMING,22754,10080,"THERMOPOLIS, WY",7/10/2009,DIF,PA ,NM ,FAILURE,"66,598","70,188","32,758",Thermopolis,WY,Central Bank & Trust,43.646067,-108.212043
FOUNDERS BANK,18390,10074,"WORTH, IL",7/2/2009,DIF,PA ,NM ,FAILURE,"832,160","889,172","131,780",Worth,IL,The PrivateBank and Trust Company,41.689755,-87.797275
ROCK RIVER BANK,15302,10075,"OREGON, IL",7/2/2009,DIF,PA ,NM ,FAILURE,"74,896","74,808","18,696",Oregon,IL,The Harvard State Bank,42.014751,-89.332328
THE FIRST STATE BANK OF WINCHESTER,11710,10077,"WINCHESTER, IL",7/2/2009,DIF,PA ,NM ,FAILURE,"30,806","30,073","8,092",Winchester,IL,The First National Bank of Beardstown,39.629769,-90.456235
THE JOHN WARNER BANK,12093,10076,"CLINTON, IL",7/2/2009,DIF,PA ,NM ,FAILURE,"65,179","69,609","13,893",Clinton,IL,State Bank of Lincoln,40.153648,-88.964525
MILLENNIUM STATE BANK OF TEXAS,57667,10079,"DALLAS, TX",7/2/2009,DIF,PA ,NM ,FAILURE,"115,478","118,601","52,700",Dallas,TX,State Bank of Texas,32.776664,-96.796988
THE ELIZABETH STATE BANK,9262,10073,"ELIZABETH, IL",7/2/2009,DIF,PA ,NM ,FAILURE,"48,131","55,027","9,418",Elizabeth,IL,Galena State Bank and Trust Company,42.317791,-90.221517
THE FIRST NATIONAL BANK OF DANVILLE,3644,10078,"DANVILLE, IL",7/2/2009,DIF,PA ,N ,FAILURE,"140,185","148,218","25,001",Danville,IL,"First Financial Bank, N.A.",40.124481,-87.630021
HORIZON BANK,9744,10070,"PINE CITY, MN",6/26/2009,DIF,PA ,NM ,FAILURE,"69,254","84,763","24,010",Pine City,MN,"Stearns Bank, N.A.",45.82291,-92.970344
METROPACIFIC BANK,57893,10071,"IRVINE, CA",6/26/2009,DIF,PA ,NM ,FAILURE,"70,078","75,316","32,168",Irvine,CA,Sunwest Bank,33.684567,-117.826505
COMMUNITY BANK OF WEST GEORGIA,57436,10068,"VILLA RICA, GA",6/26/2009,DIF,PO ,SM ,FAILURE,"189,398","201,222","74,315",Villa Rica,GA,No Acquirer,33.732052,-84.919108
MIRAE BANK,57332,10072,"LOS ANGELES, CA",6/26/2009,DIF,PA ,NM ,FAILURE,"409,951","480,619","46,056",Los Angeles,CA,Wilshire State Bank,34.052234,-118.243685
NEIGHBORHOOD COMMUNITY BANK,35285,10069,"NEWNAN, GA",6/26/2009,DIF,PA ,SM ,FAILURE,"190,070","212,616","80,745",Newnan,GA,CharterBank,33.380672,-84.799657
SOUTHERN COMMUNITY BANK,35251,10067,"FAYETTEVILLE, GA",6/19/2009,DIF,PA ,NM ,FAILURE,"297,962","371,695","136,636",Fayetteville,GA,United Community Bank,33.448726,-84.454926
FIRST NATIONAL BANK OF ANTHONY,4614,10066,"ANTHONY, KS",6/19/2009,DIF,PA ,N ,FAILURE,"142,551","156,954","33,230",Anthony,KS,Bank of Kansas,37.153355,-98.031173
COOPERATIVE BANK,27837,10065,"WILMINGTON, NC",6/19/2009,DIF,PA ,NM ,FAILURE,"768,479","966,778","287,395",Wilmington,NC,First Bank,34.225726,-77.94471
BANK OF LINCOLNWOOD,17309,10064,"LINCOLNWOOD, IL",6/5/2009,DIF,PA ,NM ,FAILURE,"209,285","212,718","71,926",Lincolnwood,IL,Republic Bank of Chicago,42.004476,-87.730059
CITIZENS NATIONAL BANK,5757,10063,"MACOMB, IL",5/22/2009,DIF,PA ,N ,FAILURE,"393,635","438,560","38,838",Macomb,IL,Morton Community Bank,40.459208,-90.671797
STRATEGIC CAPITAL BANK,35175,10062,"CHAMPAIGN, IL",5/22/2009,DIF,PA ,NM ,FAILURE,"479,384","546,576","103,146",Champaign,IL,Midland States Bank,40.11642,-88.243383
"BANKUNITED, FSB",32247,10061,"CORAL GABLES, FL",5/21/2009,DIF,PA ,SB ,FAILURE,"8,775,985","13,111,463","5,259,246",Coral Gables,FL,BankUnited,25.72149,-80.268384
WESTSOUND BANK,34843,10060,"BREMERTON, WA",5/8/2009,DIF,PA ,NM ,FAILURE,"304,464","334,608","84,061",Bremerton,WA,Kitsap Bank,47.565007,-122.626977
AMERICA WEST BANK,35461,10057,"LAYTON, UT",5/1/2009,DIF,PA ,NM ,FAILURE,"286,040","281,564","116,556",Layton,UT,Cache Valley Bank,41.060222,-111.971053
"SILVERTON BANK, NATIONAL ASSOCIATION",26535,10059,"ATLANTA, GA",5/1/2009,DIF,PO*,N ,FAILURE,"3,314,928","4,157,246","652,400",Atlanta,GA,No Acquirer,33.748995,-84.387982
CITIZENS COMMUNITY BANK,57563,10058,"RIDGEWOOD, NJ",5/1/2009,DIF,PA ,NM ,FAILURE,"40,664","40,657","19,294",Ridgewood,NJ,North Jersey Community Bank,40.979264,-74.116531
FIRST BANK OF BEVERLY HILLS,32069,10054,"CALABASAS, CA",4/24/2009,DIF,PO ,NM ,FAILURE,"866,492","1,260,354","14,819",Calabasas,CA,No Acquirer,32.187404,-82.565689
MICHIGAN HERITAGE BANK,34369,10056,"FARMINGTON HILLS, MI",4/24/2009,DIF,PA ,SM ,FAILURE,"149,065","167,710","50,302",Farmington Hills,MI,Level One Bank,42.498994,-83.367717
"FIRST BANK OF IDAHO, FSB",34396,10055,"KETCHUM, ID",4/24/2009,DIF,PA ,SB ,FAILURE,"370,580","490,656","112,349",Ketchum,ID,"U.S. Bank, N.A.",43.68074,-114.363662
AMERICAN SOUTHERN BANK,57943,10053,"KENNESAW, GA",4/24/2009,DIF,PA ,NM ,FAILURE,"105,940","105,950","33,999",Kennesaw,GA,Bank of North Georgia,34.023434,-84.61549
GREAT BASIN BANK OF NEVADA,33824,10051,"ELKO, NV",4/17/2009,DIF,PA ,NM ,FAILURE,"220,834","238,940","20,538",Elko,NV,Nevada State Bank,40.832421,-115.763123
AMERICAN STERLING BANK,8266,10052,"SUGAR CREEK, MO",4/17/2009,DIF,PA ,SB ,FAILURE,"170,946","166,456","47,037",Sugar Creek,MO,Metcalf Bank,39.109727,-94.444674
CAPE FEAR BANK,34639,10049,"WILMINGTON, NC",4/10/2009,DIF,PA ,NM ,FAILURE,"402,820","492,418","118,613",Wilmington,NC,First Federal Savings and Loan Association,34.225726,-77.94471
NEW FRONTIER BANK,34881,10050,"GREELEY, CO",4/10/2009,DIF,PO ,NM ,FAILURE,"1,496,347","1,774,588","920,747",Greeley,CO,No Acquirer,40.423314,-104.709132
OMNI NATIONAL BANK,22238,10048,"ATLANTA, GA",3/27/2009,DIF,PO ,N ,FAILURE,"813,205","979,585","305,510",Atlanta,GA,No Acquirer,33.748995,-84.387982
FIRSTCITY BANK,18243,10047,"STOCKBRIDGE, GA",3/20/2009,DIF,PO ,NM ,FAILURE,"259,056","285,015","139,446",Stockbridge,GA,No Acquirer,33.544278,-84.233809
"TEAMBANK, N.A.",4754,10046,"PAOLA, KS",3/20/2009,DIF,PA ,N ,FAILURE,"532,520","669,830","134,593",Paola,KS,Great Southern Bank,38.572235,-94.879129
COLORADO NATIONAL BANK,18896,10045,"COLORADO SPRINGS, CO",3/20/2009,DIF,PA ,N ,FAILURE,"85,150","123,508","12,687",Colorado Springs,CO,Herring Bank,38.833882,-104.821363
FREEDOM BANK OF GEORGIA,57558,10044,"COMMERCE, GA",3/6/2009,DIF,PA ,NM ,FAILURE,"159,048","172,454","43,793",Commerce,GA,Northeast Georgia Bank,34.203997,-83.457106
SECURITY SAVINGS BANK,34820,10043,"HENDERSON, NV",2/27/2009,DIF,PA ,NM ,FAILURE,"174,872","238,307","35,125",Henderson,NV,Bank of Nevada,36.039525,-114.981721
HERITAGE COMMUNITY BANK,20078,10042,"GLENWOOD, IL",2/27/2009,DIF,PA ,NM ,FAILURE,"225,735","235,154","49,909",Glenwood,IL,"MB Financial Bank, N.A.",41.542535,-87.602266
SILVER FALLS BANK,35399,10041,"SILVERTON, OR",2/20/2009,DIF,PA ,NM ,FAILURE,"115,976","134,206","39,946",Silverton,OR,Citizens Bank,45.005121,-122.783145
PINNACLE BANK,57342,10040,"BEAVERTON, OR",2/13/2009,DIF,PA ,NM ,FAILURE,"64,168","71,921","10,218",Beaverton,OR,Washington Trust Bank of Spokane,45.487062,-122.803710
RIVERSIDE BANK OF THE GULF COAST,34563,10038,"CAPE CORAL, FL",2/13/2009,DIF,PA ,SM ,FAILURE,"422,708","523,673","200,275",Cape Coral,FL,TIB Bank,26.562854,-81.949533
SHERMAN COUNTY BANK,5431,10039,"LOUP CITY, NE",2/13/2009,DIF,PA ,NM ,FAILURE,"90,647","135,431","42,684",Loup City,NE,Heritage Bank,41.275565,-98.966753
CORN BELT BANK AND TRUST COMPANY,16500,10037,"PITTSFIELD, IL",2/13/2009,DIF,PA ,NM ,FAILURE,"233,788","260,201","81,225",Pittsfield,IL,The Carlinville National Bank,39.607825,-90.805129
COUNTY BANK,22574,10034,"MERCED, CA",2/6/2009,DIF,PA ,SM ,FAILURE,"1,324,635","1,711,552","63,661",Merced,CA,Westamerica Bank,37.302163,-120.482968
ALLIANCE BANK,23124,10035,"CULVER CITY, CA",2/6/2009,DIF,PA ,NM ,FAILURE,"951,106","1,113,361","122,733",Culver City,CA,California Bank & Trust,34.021122,-118.396466
FIRSTBANK FINANCIAL SERVICES,57017,10036,"MCDONOUGH, GA",2/6/2009,DIF,PA ,NM ,FAILURE,"279,308","317,237","152,700",McDonough,GA,Regions Bank,33.447336,-84.146862
SUBURBAN FEDERAL SAVINGS BANK,30763,10033,"CROFTON, MD",1/30/2009,DIF,PA ,SB ,FAILURE,"301,847","347,408","73,819",Crofton,MD,Bank of Essex,39.001777,-76.687467
OCALA NATIONAL BANK,26538,10032,"OCALA, FL",1/30/2009,DIF,PA ,N ,FAILURE,"204,663","219,424","93,986",Ocala,FL,"CenterState Bank of Florida, N.A.",29.187199,-82.140092
MAGNET BANK,58001,10031,"SALT LAKE CITY, UT",1/30/2009,DIF,PO ,NM ,FAILURE,"282,578","300,674","170,819",Salt Lake City,UT,No Acquirer,40.760779,-111.891047
1ST CENTENNIAL BANK,33025,10030,"REDLANDS, CA",1/23/2009,DIF,PI ,NM ,FAILURE,"678,570","797,959","137,245",Redlands,CA,First California Bank,34.055569,-117.182538
BANK OF CLARK COUNTY,34959,10029,"VANCOUVER, WA",1/16/2009,DIF,PI ,NM ,FAILURE,"377,506","441,085","150,072",Vancouver,WA,Umpqua Bank,45.63184,-122.671606
NATIONAL BANK OF COMMERCE,19733,10028,"BERKELEY, IL",1/16/2009,DIF,PA ,N ,FAILURE,"395,868","419,741","80,836",Berkeley,IL,Republic Bank of Chicago,41.888919,-87.903396
SANDERSON STATE BANK,11568,10026,"SANDERSON, TX",12/12/2008,DIF,PA ,NM ,FAILURE,"32,012","38,217","8,092",Sanderson,TX,The Pecos County State Bank,30.142408,-102.394032
HAVEN TRUST BANK,35379,10027,"DULUTH, GA",12/12/2008,DIF,PA ,NM ,FAILURE,"489,692","559,551","248,360",Duluth,GA,"Branch Banking & Trust Company, (BB&T)",34.002879,-84.144638
FIRST GEORGIA COMMUNITY BANK,34301,10025,"JACKSON, GA",12/5/2008,DIF,PA ,SM ,FAILURE,"215,287","256,371","87,857",Jackson,GA,United Bank,33.294565,-83.966021
THE COMMUNITY BANK,16490,10022,"LOGANVILLE, GA",11/21/2008,DIF,PA ,NM ,FAILURE,"603,733","634,901","334,604",Loganville,GA,Bank of Essex,33.838998,-83.900738
"DOWNEY SAVINGS AND LOAN ASSOCIATION, F.A.",30968,10023,"NEWPORT BEACH, CA",11/21/2008,DIF,PA ,SB ,FAILURE,"9,653,169","12,779,371","189,333",Newport Beach,CA,"U.S. Bank, N.A.",33.618883,-117.929849
PFF BANK & TRUST,28344,10024,"POMONA, CA",11/21/2008,DIF,PA ,SB ,FAILURE,"2,393,845","3,715,433","299,765",Pomona,CA,"U.S. Bank, N.A.",34.055103,-117.749991
SECURITY PACIFIC BANK,23595,10020,"SAN DIEGO, CA",11/7/2008,DIF,PA ,NM ,FAILURE,"456,472","527,959","150,685",Los Angeles,CA,Pacific Western Bank,34.052234,-118.243685
"FRANKLIN BANK, SSB",26870,10021,"HOUSTON, TX",11/7/2008,DIF,PA ,SB ,FAILURE,"3,692,887","5,089,260","685,863",Houston,TX,Prosperity Bank,29.760427,-95.369803
FREEDOM BANK,57930,10019,"BRADENTON, FL",10/31/2008,DIF,PA ,NM ,FAILURE,"256,793","270,842","114,043",Bradenton,FL,Fifth Third Bank,27.498928,-82.574819
ALPHA BANK & TRUST,58241,10018,"ALPHARETTA, GA",10/24/2008,DIF,PI ,NM ,FAILURE,"344,231","354,090","213,214",Alpharetta,GA,"Stearns Bank, N.A.",34.075376,-84.29409
MAIN STREET BANK,57654,10016,"NORTHVILLE, MI",10/10/2008,DIF,PA ,NM ,FAILURE,"98,934","112,368","56,318",Northville,MI,Monroe Bank & Trust,42.431146,-83.483269
MERIDIAN BANK,13789,10017,"ELDRED, IL",10/10/2008,DIF,PA ,NM ,FAILURE,"36,090","38,223","16,618",Eldred,IL,National Bank,39.287548,-90.552344
WASHINGTON MUTUAL BANK,32633,10015,"HENDERSON, NV",9/25/2008,DIF,PA ,SB ,FAILURE,"188,260,793","307,021,614",0,Henderson,NV,JP Morgan Chase Bank,36.039525,-114.981721
"AMERIBANK, INC.",6782,10014,"NORTHFORK, WV",9/19/2008,DIF,PA ,SB ,FAILURE,"100,901","103,965","38,290",Northfork,WV,"The Citizens Savings Bank, Pioneer Community Bank, Inc.",37.420948,-81.440103
SILVER STATE BANK,34194,10013,"HENDERSON, NV",9/5/2008,DIF,PI ,NM ,FAILURE,"1,733,091","1,957,120","715,819",Henderson,NV,Nevada State Bank,36.039525,-114.981721
INTEGRITY BANK,35469,10012,"ALPHARETTA, GA",8/29/2008,DIF,PA ,NM ,FAILURE,"962,456","1,107,514","467,888",Alpharetta,GA,Regions Bank,34.075376,-84.29409
THE COLUMBIAN BANK AND TRUST COMPANY,22728,10011,"TOPEKA, KS",8/22/2008,DIF,PI ,NM ,FAILURE,"620,354","735,071","334,832",Topeka,KS,Citizens Bank & Trust,39.055824,-95.689018
FIRST PRIORITY BANK,57523,10010,"BRADENTON, FL",8/1/2008,DIF,PI ,NM ,FAILURE,"226,698","258,610","95,555",Bradenton,FL,SunTrust Bank,27.498928,-82.574819
FIRST NATIONAL BANK OF NEVADA,27011,10008,"RENO, NV",7/25/2008,DIF,PA ,N ,FAILURE,"3,038,053","3,411,145","719,291",Reno,NV,Mutual of Omaha Bank,39.529633,-119.813803
FIRST HERITAGE BANK N.A.,57961,10009,"NEWPORT BEACH, CA",7/25/2008,DIF,PA ,N ,FAILURE,"234,812","255,376","92,139",Newport Beach,CA,Mutual of Omaha Bank,33.618883,-117.929849
INDYMAC BANK F.S.B,29730,10007,"PASADENA, CA",7/11/2008,DIF,PI*,SB ,FAILURE,"18,941,727","30,698,512","12,380,894",Pasadena,CA,"OneWest Bank, FSB",34.147785,-118.144516
"FIRST INTEGRITY BANK, N.A.",12736,10006,"STAPLES, MN",5/30/2008,DIF,PA ,N ,FAILURE,"50,178","52,916","10,305",Staples,MN,First International Bank and Trust,46.355716,-94.794844
ANB FINANCIAL NATIONAL ASSOCIATION,33901,10005,"BENTONVILLE, AR",5/9/2008,DIF,PI ,N ,FAILURE,"1,815,691","1,895,545","1,030,148",Bentonville,AR,Pulaski Bank and Trust Company,36.372854,-94.208817
HUME BANK,1971,10004,"HUME, MO",3/7/2008,DIF,PI ,NM ,FAILURE,"13,566","18,682","3,982",Hume,MO,Security Bank,38.090031,-94.583844
DOUGLASS NATIONAL BANK,24660,10003,"KANSAS CITY, MO",1/25/2008,DIF,PA ,N ,FAILURE,"50,250","52,824","7,157",Kansas City,MO,Liberty Bank and Trust Company,39.099727,-94.578567
MIAMI VALLEY BANK,16848,10002,"LAKEVIEW, OH",10/4/2007,DIF,PI ,NM ,FAILURE,"119,601","125,362","28,394",Lakeview,OH,The Citizens Banking Company,40.484772,-83.922995
NETBANK,32575,10001,"ALPHARETTA, GA",9/28/2007,DIF,PI ,SB ,FAILURE,"2,290,046","2,473,806","123,453",Alpharetta,GA,ING DIRECT,34.075376,-84.29409
METROPOLITAN SAVINGS BANK,35353,10000,"PITTSBURGH, PA",2/2/2007,DIF,PI ,SB ,FAILURE,"14,540","15,760","9,438",Pittsburgh,PA,Allegheny Valley Bank of Pittsburgh,40.440625,-79.995886
BANK OF EPHRAIM,1249,4665,"EPHRAIM, UT",6/25/2004,BIF,PI ,SM ,FAILURE,"52,329","56,774","2,998",Ephraim,UT,Far West Bank,39.359684,-111.586305
RELIANCE BANK,26778,4664,"WHITE PLAINS, NY",3/19/2004,BIF,PA ,NM ,FAILURE,"27,881","28,637",919,White Plains,NY,Union State Bank,41.033986,-73.76291
GUARANTY NATIONAL BANK,26838,4663,"TALLAHASSEE, FL",3/12/2004,BIF,PA ,N ,FAILURE,"65,614","71,280",0,Tallahassee,FL,Hancock Bank of Florida,30.438256,-84.280733
DOLLAR SAVINGS BANK,31330,6006,"NEWARK, NJ",2/14/2004,SAIF,PO ,SB ,FAILURE,"10,909","13,408",0,Newark,NJ,No Acquirer,40.735657,-74.172367
PULASKI SAVINGS BANK,27203,4662,"PHILADELPHIA, PA",11/14/2003,BIF,PA ,SB ,FAILURE,"9,058","8,487",679,Philadelphia,PA,Earthstar Bank,39.952584,-75.165222
THE FIRST NATIONAL BANK OF BLANCHARDVILLE,11639,4661,"BLANCHARDVILLE, WI",5/9/2003,BIF,PI ,N ,FAILURE,"28,760","34,536","12,788",Blanchardville,WI,The Park Bank,42.810279,-89.862068
SOUTHERN PACIFIC BANK,27094,4660,"TORRANCE, CA",2/7/2003,BIF,PI ,NM ,FAILURE,"864,160","904,294","49,179",Torrance,CA,Beal Bank,33.835849,-118.340629
THE FARMERS BANK & TRUST OF CHENEYVILLE,16445,4659,"CHENEYVILLE, LA",12/17/2002,BIF,PI ,NM ,FAILURE,"32,103","35,317","12,205",Cheneyville,LA,Sabine State Bank & Trust,31.014913,-92.287352
BANK OF ALAMO,9961,4658,"ALAMO, TN",11/8/2002,BIF,PO ,NM ,FAILURE,"52,157","58,454","9,316",Alamo,TN,No Acquirer,35.784795,-89.117288
AMTRADE INTERNATIONAL BANK OF GEORGIA,33784,4657,"ATLANTA, GA",9/30/2002,BIF,PO ,SM ,FAILURE,"73,205","92,144","1,326",Atlanta,GA,No Acquirer,33.748995,-84.387982
UNIVERSAL FSB,29355,6005,"CHICAGO, IL",6/27/2002,SAIF,PI ,SB ,FAILURE,"40,340","51,628",274,Chicago,IL,Chicago Community Bank,41.878114,-87.629798
CONNECTICUT BANK OF COMMERCE,19183,4656,"STAMFORD, CT",6/26/2002,BIF,PI ,NM ,FAILURE,"344,416","384,172","53,784",Stamford,CT,Hudson United Bank,41.05343,-73.538734
NEW CENTURY BANK,34979,4655,"SHELBY TOWNSHIP, MI",3/28/2002,BIF,PO ,SM ,FAILURE,"18,902","21,091","4,440",Shelby Township,MI,No Acquirer,42.670782,-83.032993
NEXTBANK,22314,4653,"PHOENIX, AZ",2/7/2002,BIF,PO ,N ,FAILURE,"551,297","700,180","164,047",Phoenix,AZ,No Acquirer,33.448377,-112.074037
OAKWOOD DEPOSIT BANK,8966,4652,"OAKWOOD, OH",2/1/2002,BIF,PI ,SM ,FAILURE,"60,168","72,267","63,600",Oakwood,OH,The State Bank & Trust Company,39.725337,-84.174106
BANK OF SIERRA BLANCA,22002,4651,"SIERRA BLANCA, TX",1/18/2002,BIF,PI ,NM ,FAILURE,"9,914","10,764","4,574",Sierra Blanca,TX,The Security State Bank of Pecos,31.174573,-105.357176
"HAMILTON BANK, NATIONAL ASSOCIATION",24382,4650,"MIAMI, FL",1/11/2002,BIF,PI ,N ,FAILURE,"1,298,731","1,409,496","101,748",Miami,FL,Israel Discount Bank of New York,25.76168,-80.19179
SINCLAIR NATIONAL BANK,34248,4649,"GRAVETTE, AR",9/7/2001,BIF,PI ,N ,FAILURE,"26,054","29,792","4,206",Gravette,AR,Delta Trust & Bank,36.422021,-94.453548
"SUPERIOR BANK, FSB",32646,6004,"HINSDALE, IL",7/27/2001,SAIF,PI*,SB ,FAILURE,"1,609,501","1,765,455","286,673",Hinsdale,IL,"Superior Federal, FSB",41.800864,-87.937005
MALTA NATIONAL BANK,6629,4648,"MALTA, OH",5/3/2001,BIF,PA ,N ,FAILURE,"8,728","9,075",769,Malta,OH,North Valley Bank,39.649238,-81.86208
FIRST ALLIANCE BANK AND TRUST CO,34264,4647,"MANCHESTER, NH",2/2/2001,BIF,PA ,NM ,FAILURE,"16,931","17,438",817,Manchester,NH,Southern New Hampshire Bank & Trust,42.99564,-71.454789
NATIONAL STATE BANK OF METROPOLIS,3815,4646,"METROPOLIS, IL",12/14/2000,BIF,PI ,N ,FAILURE,"71,277","90,397","2,670",Metropolis,IL,Banterra Bank of Marion,37.151165,-88.731998
BANK OF HONOLULU,21029,4645,"HONOLULU, HI",10/13/2000,BIF,PI ,NM ,FAILURE,"59,037","63,890",400,Honolulu,HI,Bank of the Orient,21.306944,-157.858333
